ID,Пол,Возраст,Родной язык,Язык интерфейс,Владение KZ,Владение RU,Владение EN,Регион/ Область,Населённый пункт,Миграционный статус,ПМЖ,Локация внутренней миграции,Прописка,Гражданство/проживание,Этап жизни,Триггер/привычка
Число,М/Ж,Число,kk / ru / оба,kk / ru ,базовый / средний / высокий,базовый / средний / высокий,базовый / средний / высокий,юг / север / восток / запад / центр,город / райцентр / аул,внутренний мигрант / внешний мигрант / постоянное место жительства / номад (не резидент РК),Город в котором живет постоянно,Города между которыми живет ,есть / нет,гражданин / ПМЖ / временно,ребенок / школьник / студент / работающий / безработный / пенсионер / декрет,текст
001,М,28,kk,ru,высокий,средний,базовый,юг,город,внутренний мигрант,Алматы,"Шымкент, Алматы",есть,гражданин,работающий,"Вырос в ауле, переехал в город ради учебы и работы. Чувствует себя немного чужим в большом городе, поэтому старается сохранять традиции и часто ездит в родной аул. Это дает ему чувство корней и стабильности."
002,Ж,45,ru,ru,средний,высокий,средний,центр,город,постоянное место жительства,Астана,,есть,гражданин,работающий,"Переехала из севера в центр в молодости. Чувство оторванности от корней компенсирует созданием очень стабильной и предсказуемой семейной жизни, что иногда воспринимается детьми как гиперконтроль."
003,М,65,kk,kk,высокий,базовый,базовый,запад,аул,постоянное место жительства,Атырауская область,,есть,гражданин,пенсионер,"Распад СССР и экономическая нестабильность 90-х создали привычку к тотальной экономии и накоплению 'на черный день', даже когда в этом нет необходимости."
004,Ж,22,ru,ru,средний,высокий,высокий,центр,город,постоянное место жительства,Алматы,,есть,гражданин,студент,"Росла в обеспеченной семье, где все решения принимали за нее. В результате испытывает страх перед ответственностью и трудности с принятием самостоятельных решений."
005,М,35,ru,ru,средний,высокий,базовый,восток,город,внутренний мигрант,Усть-Каменогорск,"Усть-Каменогорск, Астана",нет,гражданин,безработный,"Внезапное закрытие завода, где он работал, породило глубокий страх перед нестабильностью. Теперь он избегает проектной или временной работы, упуская возможности."
006,Ж,30,kk,kk,высокий,средний,базовый,юг,райцентр,постоянное место жительства,Туркестанская область,,есть,гражданин,декрет,"Будучи старшим ребенком в многодетной семье, она с детства взяла на себя роль заботливой 'матери'. Этот паттерн определил ее выбор в пользу семьи, а не карьеры."
007,М,19,ru,ru,базовый,высокий,средний,север,город,постоянное место жительства,Костанай,,есть,гражданин,студент,Врожденное заболевание ограничивало его физическую активность в детстве. Это привело к развитию интеллектуальных увлечений и привычке проводить большую часть времени в виртуальном мире.
008,Ж,50,ru,ru,средний,высокий,базовый,запад,райцентр,постоянное место жительства,Актюбинская область,,есть,гражданин,работающий,Тяжелый развод и финансовые трудности в прошлом породили в ней железную волю к независимости. Она склонна всё контролировать и с трудом доверяет людям в бизнесе и личной жизни.
009,М,25,оба,ru,базовый,высокий,высокий,юг,город,номад (не резидент РК),Алматы,,нет,временно,работающий,"Рутинная офисная работа в прошлом вызвала у него отвращение к стабильности. Теперь он постоянно ищет новые впечатления и избегает долгосрочных обязательств, как в работе, так и в отношениях."
010,Ж,16,ru,ru,средний,высокий,средний,юг,город,постоянное место жительства,Алматы,,есть,гражданин,школьник,"Постоянное давление родителей по поводу успеваемости вызывает у нее тревогу и внутренний протест, который она выражает через свое творчество, создавая мрачные и бунтарские рисунки."
011,Ж,38,kk,kk,высокий,средний,базовый,юг,город,внутренний мигрант,Шымкент,"аул в Туркестанской обл., Шымкент",есть,гражданин,работающий,"Ранний брак и давление семьи по поводу рождения детей привели к ощущению нереализованности в карьере, что она компенсирует чрезмерным контролем за успехами своих учеников."
012,М,42,ru,ru,средний,высокий,базовый,запад,город,постоянное место жительства,Атырау,,есть,гражданин,работающий,"Чувство вины из-за постоянного отсутствия дома (вахтовая работа) заставляет его задаривать детей дорогими подарками, что привело к их избалованности и потребительскому отношению."
013,Ж,55,ru,ru,базовый,высокий,базовый,север,город,постоянное место жительства,Петропавловск,,есть,гражданин,работающий,"Жизнь в стабильной и предсказуемой среде без перемен сделала ее ригидной и нетерпимой к любым изменениям, что вызывает постоянные конфликты с повзрослевшими детьми."
014,М,29,kk,kk,высокий,базовый,базовый,восток,аул,постоянное место жительства,село Катон-Карагай,,есть,гражданин,работающий,"Тяжелый физический труд с раннего детства сформировал у него привычку 'терпеть и не жаловаться', что мешает ему обращаться за медицинской помощью даже при серьезных проблемах."
015,М,24,ru,ru,средний,высокий,высокий,центр,город,внутренний мигрант,Астана,"Караганда, Астана",нет,гражданин,работающий,"Быстрый карьерный рост в IT-сфере породил 'синдром самозванца'. Он постоянно работает сверхурочно, чтобы доказать себе и другим, что он заслуживает своего положения."
016,Ж,20,kk,ru,высокий,средний,средний,юг,город,внутренний мигрант,Алматы,"Тараз, Алматы",нет,гражданин,студент,"Переезд в большой город вызвал комплекс 'провинциалки'. Она тратит почти всю стипендию и деньги от родителей на брендовую одежду, чтобы казаться 'своей' в новой среде."
017,М,33,оба,ru,базовый,средний,базовый,запад,город,внешний мигрант,Актау,,нет,временно,работающий,"Юридическая незащищенность и тревога за семью, оставшуюся в другой стране, привели к тотальному недоверию к людям и властям. Он старается быть максимально незаметным."
018,Ж,48,ru,ru,базовый,высокий,базовый,север,город,постоянное место жительства,Костанай,,есть,гражданин,работающий,Тяжелый развод и необходимость в одиночку воспитывать ребенка сформировали у нее установку 'я все могу сама'. Ей трудно просить о помощи и строить новые доверительные отношения.
019,М,60,ru,ru,средний,высокий,базовый,восток,город,постоянное место жительства,Усть-Каменогорск,,есть,гражданин,пенсионер,"Ухудшение здоровья после выхода на пенсию, связанное с плохой экологией, породило ипохондрию и навязчивое стремление лечиться народными средствами, игнорируя врачей."
020,Ж,31,ru,ru,средний,высокий,средний,центр,город,внутренний мигрант,Астана,"Павлодар, Астана",есть,гражданин,работающий,Карьерная гонка в конкурентной среде госслужбы привела к эмоциональному выгоранию. Она находит утешение в импульсивных и дорогих онлайн-покупках.
021,М,22,kk,kk,высокий,средний,базовый,юг,город,постоянное место жительства,Шымкент,,есть,гражданин,работающий,"Отсутствие высшего образования на фоне более успешных сверстников создало комплекс неполноценности. Он избегает любых интеллектуальных споров, боясь показаться глупым."
022,Ж,28,kk,ru,высокий,средний,базовый,запад,райцентр,постоянное место жительства,Аксай,,есть,гражданин,декрет,"Социальная изоляция, пока муж на вахте, привела к развитию зависимости от социальных сетей, где она создает идеализированный и далекий от реальности образ своей жизни."
023,М,39,ru,ru,базовый,высокий,базовый,север,город,постоянное место жительства,Кокшетау,,есть,гражданин,работающий,"Невозможность обеспечить семью желаемым уровнем жизни из-за низкого дохода породила привычку брать микрокредиты 'до зарплаты', что загнало семью в долговую яму."
024,Ж,19,оба,ru,средний,высокий,базовый,восток,город,постоянное место жительства,Семей,,есть,гражданин,студент,Рассказы старших о последствиях ядерного полигона сформировали у нее повышенную тревожность за свое здоровье и канцерофобию (боязнь заболеть раком).
025,М,50,ru,ru,базовый,высокий,высокий,центр,город,номад (не резидент РК),Астана,,нет,временно,работающий,Предыдущий опыт работы в душном офисе с 9 до 6 вызвал отвращение к любой рутине. 'Цифровое кочевничество' для него - способ избежать обязательств и ответственности.
026,М,35,оба,ru,высокий,высокий,средний,юг,город,внутренний мигрант,Алматы,"Алматы, Шымкент",есть,гражданин,работающий,"Стремление к стабильности из-за частых переездов в детстве, привычка работать на одном месте."
027,Ж,28,kk,kk,высокий,средний,базовый,запад,аул,постоянное место жительства,Атырау,,есть,гражданин,декрет,"Привычка заботиться о близких, так как была старшим ребенком в многодетной семье."
028,М,42,ru,ru,средний,высокий,высокий,север,город,внешний мигрант,Астана,,нет,ПМЖ,работающий,Перфекционизм и трудоголизм как способ доказать свою ценность после иммиграции.
029,Ж,22,оба,ru,высокий,высокий,высокий,восток,город,постоянное место жительства,Усть-Каменогорск,,есть,гражданин,студент,"Страх публичных выступлений из-за буллинга в школе, избегает презентаций."
030,М,55,kk,kk,высокий,базовый,базовый,центр,райцентр,постоянное место жительства,Караганда,,есть,гражданин,работающий,Привычка к физическому труду и недоверие к 'офисной' работе из-за воспитания в рабочей семье.
031,Ж,19,ru,ru,базовый,высокий,средний,юг,город,постоянное место жительства,Алматы,,есть,гражданин,студент,Склонность к созависимым отношениям из-за недостатка внимания в детстве.
032,М,31,оба,kk,высокий,средний,базовый,запад,город,внутренний мигрант,Актау,"Актау, Атырау",есть,гражданин,работающий,Привычка экономить на всем из-за финансовых трудностей семьи в 90-е.
033,Ж,65,ru,ru,средний,высокий,базовый,север,город,постоянное место жительства,Костанай,,есть,гражданин,пенсионер,Повышенная тревожность за здоровье после пережитых осложнений при родах.
034,М,25,kk,kk,высокий,базовый,базовый,юг,аул,внутренний мигрант,Туркестан,"Туркестан, Шымкент",нет,гражданин,безработный,Избегание ответственности из-за гиперопеки со стороны матери.
035,Ж,38,оба,ru,высокий,высокий,средний,восток,город,постоянное место жительства,Семей,,есть,гражданин,работающий,Синдром самозванца на работе из-за постоянного сравнения с более успешной сестрой.
036,М,17,kk,kk,высокий,средний,базовый,центр,аул,постоянное место жительства,Жезказган,,есть,гражданин,школьник,Агрессивное поведение как защитная реакция на буллинг в младших классах.
037,Ж,29,ru,ru,средний,высокий,высокий,юг,город,внешний мигрант,Алматы,,нет,временно,декрет,Привычка к частой смене обстановки и круга общения из-за кочевого образа жизни семьи.
038,М,48,оба,ru,средний,высокий,базовый,север,райцентр,постоянное место жительства,Петропавловск,,есть,гражданин,работающий,Недоверие к людям из-за предательства партнера по бизнесу в молодости.
039,Ж,33,kk,kk,высокий,базовый,базовый,запад,город,постоянное место жительства,Уральск,,есть,гражданин,работающий,Страх вступать в серьезные отношения из-за тяжелого развода родителей.
040,М,21,ru,ru,базовый,высокий,средний,восток,город,постоянное место жительства,Павлодар,,есть,гражданин,студент,Зависимость от мнения окружающих из-за авторитарного стиля воспитания отца.
041,Ж,29,kk,kk,высокий,средний,базовый,юг,город,внутренний мигрант,Шымкент,из села Шаян в Шымкент,есть,гражданин,декрет,"Сильная привязанность к семье и традициям, даже после переезда в город."
042,М,38,оба,ru,средний,высокий,средний,запад,город,номад (не резидент РК),Атырау,"Атырау, Актау",нет,временно,работающий,Привычка к одиночеству и самостоятельности из-за вахтовой работы и жизни вдали от семьи.
043,Ж,45,ru,ru,базовый,высокий,базовый,север,город,постоянное место жительства,Кокшетау,,есть,гражданин,работающий,Консерватизм и нежелание что-либо менять в жизни из-за стабильного и предсказуемого детства.
044,М,24,kk,kk,высокий,базовый,базовый,восток,аул,постоянное место жительства,село Катон-Карагай,,есть,гражданин,работающий,Глубокая связь с природой и неприязнь к большим городам из-за жизни в сельской местности.
045,Ж,22,оба,ru,высокий,высокий,высокий,центр,город,внутренний мигрант,Астана,из Караганды в Астану,нет,гражданин,студент,"Амбициозность и стремление к карьерному росту, чтобы оправдать ожидания семьи, вложившейся в ее переезд и учебу."
046,М,50,kk,kk,высокий,средний,базовый,юг,райцентр,постоянное место жительства,Сарыагаш,,есть,гражданин,работающий,"Авторитарность и привычка все контролировать из-за роли старшего сына, на которого рано легла ответственность."
047,Ж,31,ru,ru,средний,высокий,средний,запад,город,внутренний мигрант,Актау,из Уральска в Актау,есть,гражданин,работающий,Постоянная тревога о будущем и привычка создавать финансовую 'подушку' из-за нестабильной работы мужа-вахтовика.
048,М,60,ru,ru,базовый,высокий,базовый,север,город,постоянное место жительства,Петропавловск,,есть,гражданин,пенсионер,Привычка к рутине и неприятие современных технологий из-за работы на одном заводе всю жизнь.
049,Ж,27,kk,kk,высокий,базовый,базовый,восток,город,внутренний мигрант,Семей,из аула в Семей,нет,гражданин,безработный,Заниженная самооценка и страх проявлять инициативу из-за строгого воспитания в деревне.
050,М,33,оба,ru,средний,высокий,высокий,центр,город,номад (не резидент РК),Астана,"Астана, Алматы, Караганда",нет,ПМЖ,работающий,Легкость на подъем и неспособность долго оставаться на одном месте из-за частых переездов в детстве с родителями-военными.
051,М,45,kk,kk,высокий,базовый,базовый,юг,аул,постоянное место жительства,аул Акжарма,,есть,гражданин,работающий,"Привычка полагаться только на себя и недоверие к государственным институтам, сформированное опытом фермерства в 90-е."
052,Ж,29,оба,ru,средний,высокий,высокий,запад,город,внутренний мигрант,Актау,из Атырау в Актау,есть,гражданин,работающий,Трудоголизм и откладывание личной жизни 'на потом' как способ доказать свою независимость в мужской нефтегазовой среде.
053,М,62,ru,ru,базовый,высокий,базовый,север,город,постоянное место жительства,Петропавловск,,есть,гражданин,пенсионер,"Сентиментальность и привычка к одиночеству после смерти жены, избегание шумных компаний."
054,Ж,23,оба,ru,средний,высокий,средний,восток,город,постоянное место жительства,Усть-Каменогорск,,есть,гражданин,студент,"Обостренное чувство справедливости и тревога за будущее, вызванные жизнью в экологически неблагополучном регионе."
055,М,31,ru,ru,средний,высокий,высокий,центр,город,номад (не резидент РК),Астана,"Астана, Алматы",нет,временно,работающий,"Страх привязанности и привычка 'сбегать' при первых трудностях в отношениях, сформированные кочевым образом жизни."
056,Ж,20,kk,kk,высокий,средний,базовый,юг,город,внутренний мигрант,Шымкент,из аула в Шымкент,нет,гражданин,студент,"Стремление быть 'правильной' и соответствовать ожиданиям религиозной семьи, подавление собственных желаний."
057,М,36,оба,ru,средний,высокий,базовый,запад,город,постоянное место жительства,Актобе,,есть,гражданин,работающий,Цинизм и эмоциональная закрытость как защитная реакция на развод и частые разлуки с ребенком.
058,Ж,50,ru,ru,базовый,высокий,базовый,север,город,постоянное место жительства,Кокшетау,,есть,гражданин,работающий,"Привычка жить интересами семьи и растворяться в муже и детях, страх остаться 'ненужной'."
059,М,28,оба,ru,средний,высокий,базовый,восток,райцентр,постоянное место жительства,Риддер,,есть,гражданин,работающий,"Потребность в уединении и неприязнь к большим скоплениям людей, сформированная работой в лесу."
060,Ж,38,ru,ru,средний,высокий,средний,центр,город,постоянное место жительства,Астана,,есть,гражданин,декрет,"Гиперответственность и стремление все контролировать, так как после развода приходится рассчитывать только на себя."
061,М,19,kk,kk,высокий,средний,базовый,юг,город,постоянное место жительства,Тараз,,есть,гражданин,безработный,"Потерянность и отсутствие целей после жесткой дисциплины в армии, трудности с адаптацией к 'гражданке'."
062,Ж,42,ru,ru,средний,высокий,высокий,запад,город,внешний мигрант,Атырау,,нет,ПМЖ,работающий,Привычка к 'красивой жизни' и демонстративному потреблению как способ компенсации внутренней пустоты и жизни вдали от родины.
063,М,26,kk,kk,высокий,средний,базовый,север,аул,внутренний мигрант,село Кишкенеколь,из города в аул,есть,гражданин,работающий,"Идеализм и желание возродить аул, столкнувшиеся с консерватизмом и недоверием односельчан."
064,Ж,35,оба,ru,высокий,высокий,средний,восток,город,постоянное место жительства,Семей,,есть,гражданин,работающий,Меланхолия и уход в творчество как способ справиться с 'генетической' травмой и историей родного города.
065,М,29,ru,ru,базовый,высокий,высокий,центр,город,внешний мигрант,Караганда,,нет,временно,работающий,Постоянное сравнение новой жизни с прошлой и чувство 'чужого среди своих' после релокации.
066,Ж,28,оба,ru,высокий,высокий,средний,юг,город,внутренний мигрант,Алматы,из Тараза в Алматы,нет,гражданин,работающий,Стремление к независимости и неприятие традиционных гендерных ролей как реакция на патриархальное воспитание.
067,М,55,ru,ru,средний,высокий,базовый,запад,город,постоянное место жительства,Атырау,,есть,гражданин,работающий,Эмоциональная усталость и желание простого человеческого общения после десятилетий работы в суровых условиях вахты.
068,Ж,32,ru,ru,средний,высокий,средний,север,город,постоянное место жительства,Костанай,,есть,гражданин,работающий,Профессиональный цинизм и эмоциональная дистанция как защита от ежедневного столкновения с болезнями и страданиями.
069,М,48,kk,kk,высокий,базовый,базовый,восток,аул,постоянное место жительства,аул Маралиха,,есть,гражданин,работающий,"Привычка к тишине и медленному темпу жизни, раздражение от городской суеты и шума."
070,Ж,24,оба,ru,высокий,высокий,высокий,центр,город,внутренний мигрант,Астана,из Павлодара в Астану,нет,гражданин,работающий,"Синдром самозванца и постоянная потребность в валидации (лайки, комментарии) из-за высокой конкуренции в столичной среде."
071,М,39,kk,kk,высокий,средний,базовый,юг,город,постоянное место жительства,Туркестан,,есть,гражданин,работающий,"Привычка давать советы и наставления даже вне работы, строгое следование ритуалам."
072,Ж,21,оба,kk,высокий,средний,средний,запад,город,постоянное место жительства,Уральск,,есть,гражданин,студент,"Желание доказать, что она может добиться успеха в 'мужской' профессии (нефтяник), вопреки стереотипам."
073,М,41,ru,ru,базовый,высокий,базовый,север,город,постоянное место жительства,Петропавловск,,есть,гражданин,работающий,"Идеализация семейной жизни и быта, так как дома бывает редко и видит только 'праздничную' сторону."
074,Ж,63,ru,ru,средний,высокий,базовый,восток,город,постоянное место жительства,Семей,,есть,гражданин,пенсионер,"Ностальгия по советскому прошлому и идеализация молодости, неприятие современных ценностей."
075,М,35,оба,ru,средний,высокий,средний,центр,город,постоянное место жительства,Астана,,есть,гражданин,работающий,"Привычка к формализму и бюрократии, использование канцеляризмов в обычной речи."
076,Ж,26,kk,kk,высокий,средний,базовый,юг,город,постоянное место жительства,Шымкент,,есть,гражданин,декрет,"Страх остаться без финансовой поддержки мужа, что заставляет терпеть его авторитарный характер."
077,М,30,оба,ru,средний,высокий,высокий,запад,город,постоянное место жительства,Актау,,есть,гражданин,работающий,"Конфликт западного рабочего менталитета (инициативность, work-life balance) с местными реалиями."
078,Ж,29,ru,ru,базовый,высокий,базовый,север,аул,постоянное место жительства,село Смирново,,есть,гражданин,работающий,Привычка к тяжелому физическому труду и недоверие к 'легким' деньгам и городским профессиям.
079,М,22,ru,ru,средний,высокий,средний,восток,город,постоянное место жительства,Усть-Каменогорск,,есть,гражданин,безработный,Прокрастинация и ожидание 'вдохновения' как способ избежать страха неудачи и критики.
080,Ж,45,ru,ru,средний,высокий,высокий,центр,город,постоянное место жительства,Караганда,,есть,гражданин,работающий,Жесткость и бескомпромиссность в суждениях как следствие профессиональной деформации юриста и тяжелого развода.
081,М,33,kk,kk,высокий,средний,базовый,юг,город,постоянное место жительства,Шымкент,,есть,гражданин,работающий,Склонность к риску и авантюрам в бизнесе как следствие 'уличного' воспитания и необходимости 'крутиться' с юных лет.
082,Ж,25,kk,kk,высокий,базовый,базовый,запад,аул,постоянное место жительства,аул Жана-Омир,,есть,гражданин,работающий,"Идеализм и жертвенность, сформированные решением вернуться в родной аул после учебы, чтобы поднимать образование."
083,М,45,ru,ru,базовый,высокий,базовый,центр,город,постоянное место жительства,Темиртау,,есть,гражданин,работающий,"Привычка 'терпеть' и не жаловаться, выработанная десятилетиями работы на вредном производстве в условиях моногорода."
084,Ж,29,ru,ru,средний,высокий,средний,восток,райцентр,постоянное место жительства,Зыряновск,,есть,гражданин,работающий,"Эмоциональная стойкость и 'толстокожесть' как профессиональная деформация ветеринара, работающего в суровых сельских условиях."
085,М,22,оба,ru,средний,высокий,высокий,центр,город,внутренний мигрант,Астана,из Экибастуза в Астану,нет,гражданин,студент,"Перфекционизм и страх 'не оправдать надежд', так как на его переезд и учебу в столице скидывалась вся большая семья."
086,Ж,40,kk,kk,высокий,средний,базовый,юг,город,постоянное место жительства,Тараз,,есть,гражданин,декрет,"Полное растворение в роли матери и хозяйки, потеря личных интересов и амбиций после рождения пятого ребенка."
087,М,28,оба,ru,средний,высокий,средний,запад,город,постоянное место жительства,Актау,,есть,гражданин,работающий,"Фатализм и легкое отношение к деньгам ('пришли-ушли'), свойственное морякам, проводящим месяцы в изоляции от 'земной' жизни."
088,Ж,55,ru,ru,базовый,высокий,базовый,север,город,постоянное место жительства,Петропавловск,,есть,гражданин,работающий,"Привычка к тишине и порядку, раздражение от громких звуков и суеты как следствие многолетней работы в библиотеке."
089,М,31,ru,ru,средний,высокий,средний,восток,райцентр,номад (не резидент РК),Риддер,"Алтай, ВКО",есть,гражданин,работающий,"Презрение к офисной работе и материальным ценностям, сформированное жизнью в горах и общением с туристами-дауншифтерами."
090,Ж,38,оба,ru,средний,высокий,высокий,центр,город,постоянное место жительства,Астана,,есть,гражданин,работающий,"Привычка 'сканировать' людей и давать им оценку как профессиональная деформация HR-директора, перенесенная в личную жизнь."
091,М,21,kk,kk,высокий,средний,базовый,юг,город,постоянное место жительства,Капшагай,,есть,гражданин,работающий,Повышенная агрессивность и резкость в общении как следствие службы в десантно-штурмовых войсках.
092,Ж,34,ru,ru,средний,высокий,базовый,запад,город,постоянное место жительства,Уральск,,есть,гражданин,безработный,Тревожность и гиперопека над детьми как способ компенсировать долгое отсутствие мужа и реализовать себя.
093,М,27,ru,ru,базовый,высокий,высокий,север,город,внутренний мигрант,Костанай,из Рудного в Костанай,нет,гражданин,работающий,Социальная неловкость и предпочтение онлайн-общения живому как результат многолетней удаленной работы.
094,Ж,50,оба,ru,средний,высокий,базовый,восток,город,постоянное место жительства,Семей,,есть,гражданин,работающий,"Гостеприимство и желание всех 'накормить', сформированное работой в сфере общественного питания."
095,М,42,ru,ru,базовый,высокий,базовый,центр,город,постоянное место жительства,Караганда,,есть,гражданин,работающий,Поверхностное общение и нежелание заводить близкие знакомства из-за постоянного потока случайных людей в работе таксиста.
096,Ж,19,оба,ru,высокий,высокий,высокий,юг,город,постоянное место жительства,Алматы,,нет,гражданин,студент,Гедонизм и жизнь 'здесь и сейчас' как реакция на гиперопеку и строгий контроль в школе.
097,М,37,оба,ru,средний,высокий,средний,запад,город,внутренний мигрант,Атырау,из Актобе в Атырау,есть,гражданин,работающий,"Экологический алармизм и пессимизм, развившиеся в результате многолетней безуспешной борьбы с промышленными гигантами."
098,Ж,65,ru,ru,базовый,высокий,базовый,север,город,постоянное место жительства,Кокшетау,,есть,гражданин,пенсионер,"Привычка экономить на всем и создавать запасы 'на черный день', унаследованная от родителей, переживших дефицит."
099,М,26,ru,ru,средний,высокий,базовый,восток,город,постоянное место жительства,Усть-Каменогорск,,есть,гражданин,работающий,"Привычка к тяжелому физическому труду и простому быту, недоверие к 'умникам' и креативному классу."
100,Ж,31,оба,ru,средний,высокий,средний,центр,город,постоянное место жительства,Астана,,есть,гражданин,работающий,Демонстративная независимость и страх близких отношений как защитная реакция после болезненного развода.
101,М,28,kk,kk,высокий,средний,базовый,юг,город,постоянное место жительства,Кызылорда,,есть,гражданин,работающий,"Страх проявлять инициативу и привычка 'не высовываться', сформированные иерархической структурой на госслужбе."
102,Ж,33,оба,ru,средний,высокий,высокий,запад,город,внутренний мигрант,Актау,из Атырау в Актау,есть,гражданин,работающий,"Профессиональная деформация юриста: привычка анализировать все с точки зрения рисков, что мешает доверять людям."
103,М,50,ru,ru,базовый,высокий,базовый,север,аул,постоянное место жительства,село Пресновка,,есть,гражданин,работающий,"Глубокая привязанность к земле и недоверие к финансовым институтам, привычка хранить сбережения 'в банке' (стеклянной)."
104,Ж,24,ru,ru,средний,высокий,средний,восток,город,постоянное место жительства,Усть-Каменогорск,,есть,гражданин,работающий,"Эмоциональная экспрессивность и тонкая душевная организация, свойственная творческим людям, часто воспринимаемая как 'капризность'."
105,М,30,оба,ru,средний,высокий,базовый,центр,город,постоянное место жительства,Астана,,есть,гражданин,работающий,"Привычка к четкому распорядку дня и нетерпимость к необязательности и опозданиям, привитая армейской службой."
106,Ж,22,оба,ru,высокий,высокий,средний,юг,город,внутренний мигрант,Алматы,из Шымкента в Алматы,нет,гражданин,работающий,"Зависимость от общественного одобрения (лайков, подписчиков) и страх 'быть не в тренде'."
107,М,45,ru,ru,средний,высокий,базовый,запад,город,постоянное место жительства,Атырау,,есть,гражданин,работающий,"Повышенная тревожность и 'синдром контролера', сформированные профессией инженера по технике безопасности."
108,Ж,38,ru,ru,базовый,высокий,средний,север,город,постоянное место жительства,Костанай,,есть,гражданин,работающий,Привычка к риску и умение 'держать удар' после нескольких неудачных попыток построить свой бизнес.
109,М,60,ru,ru,базовый,высокий,базовый,восток,райцентр,постоянное место жительства,Риддер,,есть,гражданин,пенсионер,Проблемы с легкими (профзаболевание) и фаталистическое отношение к своему здоровью.
110,Ж,27,оба,ru,средний,высокий,высокий,центр,город,внутренний мигрант,Караганда,из Темиртау в Караганду,есть,гражданин,работающий,"Привычка к многозадачности и постоянному стрессу, неумение расслабляться и 'ничего не делать'."
111,М,19,kk,kk,высокий,средний,базовый,юг,город,постоянное место жительства,Шымкент,,есть,гражданин,студент,"Максимализм и склонность к необдуманным поступкам, свойственные юности, усиленные южным темпераментом."
112,Ж,41,ru,ru,средний,высокий,базовый,запад,город,постоянное место жительства,Уральск,,есть,гражданин,декрет,"Страх перемен и зависимость от стабильности, которую обеспечивает работа мужа, что мешает самореализации."
113,М,35,оба,ru,средний,высокий,базовый,север,город,постоянное место жительства,Павлодар,,есть,гражданин,работающий,Подозрительность и недоверие к людям как профессиональная деформация сотрудника правоохранительных органов.
114,Ж,29,оба,ru,высокий,высокий,средний,восток,город,внутренний мигрант,Семей,из Аягоза в Семей,нет,гражданин,работающий,Стремление 'облагородить' и украсить окружающее пространство как способ борьбы с внутренней тревогой.
115,М,55,ru,ru,средний,высокий,высокий,центр,город,постоянное место жительства,Астана,,есть,гражданин,работающий,"Привычка говорить сложным языком и поучать окружающих, сформированная многолетней преподавательской деятельностью."
116,Ж,31,kk,kk,высокий,средний,средний,юг,город,постоянное место жительства,Тараз,,есть,гражданин,работающий,"Гиперответственность и повышенная тревожность за здоровье близких, перенесенная из профессии в семью."
117,М,26,kk,kk,высокий,базовый,базовый,запад,город,внутренний мигрант,Жанаозен,из аула в Жанаозен,есть,гражданин,работающий,"Привычка к простому быту и спартанским условиям, неприязнь к 'городским неженкам'."
118,Ж,20,ru,ru,базовый,высокий,средний,север,город,постоянное место жительства,Петропавловск,,есть,гражданин,студент,"Страх 'не оправдать ожидания' и быть хуже других, свойственный для выходцев из маленьких городов, поступивших в областном центре."
119,М,43,ru,ru,базовый,высокий,базовый,восток,аул,постоянное место жительства,село Зубовка,,есть,гражданин,работающий,"Усталость от одиночества и дорог, желание 'осесть' и проводить больше времени с семьей."
120,Ж,36,оба,ru,средний,высокий,средний,центр,город,постоянное место жительства,Астана,,есть,гражданин,работающий,"Цинизм и недоверие к людям, особенно к мужчинам, как следствие предательства в браке и работы в госструктурах."
121,М,48,kk,kk,высокий,базовый,базовый,юг,аул,постоянное место жительства,аул Коксайек,,есть,гражданин,работающий,"Недоверие к 'бумажной работе' и любым формальностям, привычка решать все вопросы 'по-мужски', через личные договоренности."
122,Ж,26,ru,ru,средний,высокий,средний,центр,город,внутренний мигрант,Астана,из Сарани в Астану,нет,гражданин,работающий,"Трудоголизм и отказ от помощи как способ доказать свою независимость и состоятельность семье, которая в нее не верила."
123,М,39,оба,ru,средний,высокий,базовый,запад,город,постоянное место жительства,Атырау,,есть,гражданин,работающий,"Привычка к эмоциональной изоляции и поверхностным связям, чтобы избежать боли от постоянных расставаний с семьей из-за вахты."
124,Ж,65,ru,ru,базовый,высокий,базовый,север,город,постоянное место жительства,Рудный,,есть,гражданин,пенсионер,Привычка жить по строгому распорядку и нетерпимость к 'беспорядку' в головах и домах у молодого поколения.
125,М,23,оба,ru,средний,высокий,базовый,восток,город,постоянное место жительства,Усть-Каменогорск,,есть,гражданин,студент,"Чувство вины перед семьей, вложившей в его образование последние деньги, что приводит к страху ошибки и перфекционизму."
126,Ж,19,kk,kk,высокий,средний,базовый,юг,город,внутренний мигрант,Алматы,из аула в Алматы,нет,гражданин,студент,"Наивность и идеализация людей как следствие воспитания в маленьком, 'безопасном' ауле, где все друг друга знают."
127,М,31,ru,ru,средний,высокий,средний,запад,город,номад (не резидент РК),Актау,"Актау, Баку, Астрахань",нет,временно,работающий,"Неспособность пустить корни и построить долгосрочные планы, жизнь воспринимается как серия краткосрочных проектов."
128,Ж,43,ru,ru,базовый,высокий,базовый,север,город,постоянное место жительства,Павлодар,,есть,гражданин,работающий,"Привычка 'терпеть' и не жаловаться, даже когда личные границы нарушаются, сформированная опытом жизни в 90-е."
129,М,29,kk,kk,высокий,базовый,базовый,восток,аул,постоянное место жительства,село Аксуат,,есть,гражданин,работающий,Презрение к 'городским неженкам' и идеализация простого физического труда.
130,Ж,35,оба,ru,средний,высокий,высокий,центр,город,внешний мигрант,Астана,,нет,ПМЖ,работающий,"Постоянное ощущение себя 'чужой' и стремление к ассимиляции, вплоть до потери собственной идентичности."
131,М,52,kk,kk,высокий,средний,базовый,юг,райцентр,постоянное место жительства,Жетысай,,есть,гражданин,работающий,"Патернализм и привычка решать за других, как им жить, сформированные статусом уважаемого человека в маленьком городе."
132,Ж,27,оба,ru,средний,высокий,средний,запад,город,постоянное место жительства,Актобе,,есть,гражданин,декрет,"Страх остаться одной и паническая боязнь развода, так как самореализация полностью зависит от мужа."
133,М,30,ru,ru,базовый,высокий,средний,север,город,постоянное место жительства,Костанай,,есть,гражданин,работающий,"'Синдром отличника' и болезненная реакция на критику, идущие из детства, где любовь родителей нужно было 'заслужить'."
134,Ж,47,ru,ru,средний,высокий,базовый,восток,город,постоянное место жительства,Риддер,,есть,гражданин,безработный,"Апатия и отсутствие веры в будущее, сформированные жизнью в депрессивном моногороде и потерей работы после закрытия предприятия."
135,М,25,оба,ru,средний,высокий,высокий,центр,город,внутренний мигрант,Караганда,из Шахтинска в Караганду,нет,гражданин,работающий,Цинизм и черный юмор как защитная реакция на тяжелые условия труда и постоянный риск.
136,Ж,20,kk,kk,высокий,средний,базовый,юг,город,внутренний мигрант,Алматы,из Талдыкоргана в Алматы,нет,гражданин,студент,Конфликт между желанием быть современной и давлением традиционных ценностей семьи.
137,М,36,оба,ru,средний,высокий,базовый,запад,город,постоянное место жительства,Атырау,,есть,гражданин,работающий,"Привычка 'покупать' любовь и внимание детей дорогими подарками, чтобы компенсировать свое частое отсутствие."
138,Ж,29,ru,ru,базовый,высокий,средний,север,город,внешний мигрант,Петропавловск,,нет,временно,декрет,Романтизация 'простой жизни' и идеализация мужа как способ справиться с трудностями эмиграции и потери статуса.
139,М,41,kk,kk,высокий,базовый,базовый,восток,аул,постоянное место жительства,село Курчум,,есть,гражданин,работающий,"Привычка к одиночеству и молчанию, сформированная работой егеря вдали от людей."
140,Ж,32,оба,ru,высокий,высокий,высокий,центр,город,постоянное место жительства,Астана,,есть,гражданин,работающий,"Страх делегировать полномочия и тотальный контроль над подчиненными из-за страха, что 'никто не сделает лучше меня'."
141,М,37,ru,ru,базовый,высокий,базовый,север,город,постоянное место жительства,Костанай,,есть,гражданин,работающий,"Ощущение, что настоящая жизнь проходит мимо, сформированное работой дальнобойщика и постоянным наблюдением за чужими жизнями 'из окна'."
142,Ж,28,оба,ru,высокий,высокий,средний,юг,город,внутренний мигрант,Алматы,из Каскелена в Алматы,нет,гражданин,работающий,Перфекционизм в работе и быту как способ компенсировать хаос и неустроенность в детстве.
143,М,55,оба,ru,средний,высокий,базовый,запад,город,постоянное место жительства,Атырау,,есть,гражданин,работающий,"Авторитарный стиль общения и неумение проявлять слабость, выработанные годами руководящей работы на месторождении."
144,Ж,22,ru,ru,средний,высокий,высокий,центр,город,внутренний мигрант,Астана,из Кокшетау в Астану,нет,гражданин,студент,"Богемный образ жизни и отрицание 'скучной' рутины как реакция на строгое, консервативное воспитание."
145,М,41,ru,ru,базовый,высокий,базовый,восток,аул,постоянное место жительства,поселок Урыль,,есть,гражданин,работающий,"Нелюдимость и дискомфорт в больших городах, привычка к тишине и уединению, сформированная жизнью в заповедной зоне."
146,Ж,34,ru,ru,базовый,высокий,средний,север,город,постоянное место жительства,Петропавловск,,есть,гражданин,работающий,Гиперконтроль над жизнью ребенка и страх за его будущее как способ компенсировать отсутствие отца.
147,М,29,kk,kk,высокий,средний,базовый,юг,город,постоянное место жительства,Шымкент,,есть,гражданин,работающий,"Конфликт между желанием открыть собственный, современный бизнес и обязанностью продолжать традиционное семейное дело."
148,Ж,48,оба,ru,средний,высокий,средний,запад,город,постоянное место жительства,Атырау,,есть,гражданин,работающий,"Профессиональный цинизм и усталость от 'системы', но чувство долга, не позволяющее бросить работу в государственной больнице."
149,М,20,ru,ru,базовый,высокий,базовый,центр,город,постоянное место жительства,Караганда,,есть,гражданин,безработный,"Пассивность и отсутствие амбиций, сформированные гиперопекой матери и отсутствием необходимости бороться за что-либо."
150,Ж,30,оба,ru,высокий,высокий,высокий,восток,аул,внутренний мигрант,село Урджар,из города в аул,есть,гражданин,работающий,Идеализация сельской жизни и дауншифтинг как способ сбежать от стресса и конкуренции большого города.
151,М,63,ru,ru,базовый,высокий,базовый,центр,город,постоянное место жительства,Темиртау,,есть,гражданин,пенсионер,Ипохондрия и постоянное беспокойство о здоровье как следствие жизни в плохой экологии и раннего выхода на пенсию по профзаболеванию.
152,Ж,25,оба,ru,высокий,высокий,средний,юг,город,постоянное место жительства,Алматы,,есть,гражданин,работающий,"Поверхностное дружелюбие и 'дежурная улыбка', выработанные в сфере услуг и туризма."
153,М,32,оба,ru,средний,высокий,средний,запад,город,постоянное место жительства,Актау,,есть,гражданин,работающий,"Привычка жить сегодняшним днем и тратить большие деньги после вахты, не думая о будущем."
154,Ж,50,ru,ru,средний,высокий,высокий,центр,город,постоянное место жительства,Астана,,есть,гражданин,работающий,"Интеллектуальный снобизм и снисходительное отношение к людям, не обладающим ее уровнем знаний."
155,М,27,kk,kk,высокий,средний,базовый,восток,город,постоянное место жительства,Семей,,есть,гражданин,работающий,"Обостренное чувство справедливости и готовность действовать 'не по уставу', что приводит к конфликтам с начальством."
156,Ж,44,ru,ru,базовый,высокий,базовый,север,город,постоянное место жительства,Костанай,,есть,гражданин,работающий,"Привычка 'тянуть все на себе' и не доверять наемным работникам, сформированная опытом ведения малого бизнеса."
157,М,38,kk,kk,высокий,базовый,базовый,юг,аул,номад (не резидент РК),аул Мерке,"Шу, Тараз, Кордай",есть,гражданин,работающий,"Непривязанность к месту и легкое отношение к бытовым трудностям, выработанные постоянными переездами по объектам."
158,Ж,23,ru,ru,средний,высокий,средний,запад,город,постоянное место жительства,Уральск,,есть,гражданин,безработный,"Разочарование в 'вышке' и апатия из-за невозможности найти работу по специальности, на которую были потрачены годы и деньги."
159,М,49,ru,ru,базовый,высокий,базовый,центр,город,постоянное место жительства,Караганда,,есть,гражданин,работающий,"Привычка избегать ответственности и 'плыть по течению', сформированная многолетней рутинной работой в госорганах."
160,Ж,31,оба,ru,высокий,высокий,высокий,восток,город,внутренний мигрант,Усть-Каменогорск,из Риддера в Усть-Каменогорск,есть,гражданин,работающий,"Трудоголизм и стремление к карьерным высотам как способ доказать родителям и себе, что переезд в большой город был не зря."
161,Ж,35,ru,ru,высокий,высокий,средний,юг,город,постоянное место жительства,-,-,есть,гражданин,работающий,"Гиперответственность и неумение делегировать, сформированные страхом потери контроля, который был заложен с детства из-за ранней разлуки с матерью и укрепился в конкурентной среде."
162,М,22,kk,kk,высокий,средний,базовый,север,райцентр,внутренний мигрант,Астана,Костанай-Астана,есть,гражданин,студент,"Низкая самооценка и синдром самозванца, выросшие из раннего чувства 'инаковости', изоляции из-за задержки речи и школьного буллинга, что привело к избеганию публичности."
163,М,65,ru,ru,средний,высокий,базовый,восток,аул,постоянное место жительства,-,-,есть,гражданин,пенсионер,"Финансовая безграмотность и фатализм, сформированные отсутствием родительского внимания в детстве и тяжелой работой в юности, что привело к неумению планировать будущее."
164,Ж,28,kk,оба,высокий,средний,нет,запад,город,постоянное место жительства,-,-,есть,гражданин,работающий,"Потребность в тотальном контроле и создании 'идеального' мира вокруг себя как способ компенсировать внутреннюю тревогу, заложенную нежеланной беременностью матери."
165,М,45,kk,kk,высокий,средний,средний,центр,город,постоянное место жительства,-,-,есть,гражданин,работающий,"Эмоциональная закрытость и привычка 'все держать в себе', сформированные ролью старшего ребенка в многодетной семье, где не было принято говорить о чувствах."
166,Ж,30,оба,ru,средний,высокий,базовый,юг,город,постоянное место жительства,-,-,есть,гражданин,работающий,"Инфантилизм и зависимость от мнения мужа, выросшие из воспитания в традиционной семье, где ее с детства готовили к роли 'хранительницы очага', а не самостоятельной личности."
167,М,18,ru,ru,базовый,высокий,средний,север,город,постоянное место жительства,-,-,есть,гражданин,студент,"Склонность к накопительству и страх бедности, сформированные стрессом матери из-за материальных проблем во время беременности и тяжелым опытом выживания в 90-е."
168,Ж,41,kk,kk,высокий,средний,нет,восток,райцентр,постоянное место жительства,-,-,есть,гражданин,декрет,"Привычка 'быть удобной' и страх проявить себя, сформированные необходимостью не мешать матери, страдавшей от послеродовой депрессии, и укрепившиеся в браке с авторитарным мужем."
169,М,55,kk,ru,высокий,высокий,высокий,запад,город,внешний мигрант,Казахстан,Москва-Атырау,есть,ПМЖ,работающий,"Перфекционизм и страх совершить ошибку, выросшие из гиперопеки после тяжелых родов и постоянного давления со стороны родителей-учителей, ожидавших только отличных результатов."
170,Ж,25,ru,ru,средний,высокий,средний,центр,аул,постоянное место жительства,-,-,нет,гражданин,безработный,Стремление к риску и адреналиновая зависимость как способ компенсировать недостаток внимания в детстве и доказать свою 'крутизну' после буллинга в школе.
171,М,33,kk,kk,высокий,средний,базовый,юг,райцентр,постоянное место жительства,-,-,есть,гражданин,работающий,"Неуверенность в себе и страх принимать решения, сформированные гиперопекающей матерью, которая видела в сыне 'единственный смысл жизни' после ухода мужа."
172,Ж,10,kk,kk,средний,базовый,нет,север,город,постоянное место жительства,-,-,есть,гражданин,школьник,"Эмоциональная отстраненность и неумение строить близкие отношения, выросшие из постоянных разлук с отцом-моряком и частых переездов, которые не позволяли заводить друзей."
173,М,49,оба,ru,высокий,высокий,средний,восток,город,постоянное место жительства,-,-,есть,гражданин,работающий,"Желание 'сбежать' от реальности в мир книг и фантазий, сформированное тяжелой атмосферой в семье алкоголика и укрепившееся в серой реальности моногорода."
174,Ж,21,ru,ru,базовый,высокий,высокий,запад,райцентр,постоянное место жительства,-,-,есть,гражданин,студент,"Агрессивность и импульсивность как защитная реакция на мир, сформированная после родовой травмы, буллинга в школе и службы в армии, где сила была главным аргументом."
175,М,70,kk,kk,высокий,базовый,нет,центр,аул,постоянное место жительства,-,-,есть,гражданин,пенсионер,"Жертвенность и привычка ставить чужие интересы выше своих, сформированные ролью старшей сестры, вынужденной заботиться о младших, пока родители строили карьеру."
176,Ж,38,kk,ru,высокий,высокий,средний,юг,город,постоянное место жительства,-,-,есть,гражданин,работающий,"Привычка к одиночеству и эмоциональная закрытость, выросшие из детской изоляции из-за слабого здоровья и укрепившиеся во время работы на удаленке."
177,М,27,ru,ru,средний,высокий,высокий,север,город,постоянное место жительства,-,-,есть,гражданин,работающий,"Инфантилизм и нежелание брать на себя ответственность, сформированные гиперопекой богатых родителей, которые решали за него все проблемы."
178,Ж,14,kk,kk,высокий,средний,базовый,восток,райцентр,постоянное место жительства,-,-,есть,гражданин,школьник,"Страх перед будущим и привычка 'плыть по течению', сформированные жизнью в депрессивном регионе и отсутствием веры в возможность что-то изменить."
179,М,60,оба,ru,высокий,высокий,средний,запад,город,постоянное место жительства,-,-,есть,гражданин,пенсионер,"Консерватизм и неприятие перемен, заложенные стабильным и предсказуемым советским детством и укрепившиеся на монотонной работе."
180,Ж,31,ru,ru,базовый,высокий,базовый,центр,город,постоянное место жительства,-,-,есть,гражданин,работающий,"Зависимость от мнения окружающих и страх осуждения, сформированные строгим воспитанием и необходимостью всегда 'соответствовать' ожиданиям."
181,М,24,kk,kk,высокий,средний,базовый,юг,аул,постоянное место жительства,-,-,есть,гражданин,работающий,"Склонность к саморазрушению и поиску острых ощущений как способ заглушить внутреннюю пустоту, оставшуюся после ранней потери матери и безразличия отца."
182,Ж,52,kk,ru,высокий,высокий,базовый,север,город,постоянное место жительства,-,-,есть,гражданин,работающий,"Синдром спасателя' и потребность быть нужным, сформированные в ответ на послеродовую депрессию матери, где он чувствовал себя ответственным за ее настроение."
183,М,17,ru,ru,средний,высокий,средний,восток,город,постоянное место жительства,-,-,есть,гражданин,школьник,"Созависимость и растворение в партнере, выросшие из страха одиночества, заложенного после развода родителей, и укрепившиеся в браке с 'сильным' мужчиной."
184,Ж,39,kk,kk,высокий,средний,нет,запад,райцентр,постоянное место жительства,-,-,есть,гражданин,работающий,"Неуверенность в себе и страх публичных выступлений, сформированные задержкой речи в детстве и насмешками сверстников в школе."
185,М,48,оба,ru,высокий,высокий,высокий,центр,город,постоянное место жительства,-,-,есть,гражданин,работающий,"Цинизм и недоверие к людям, особенно к женщинам, как защитная реакция на ранний отказ матери и воспитание в мужской среде."
186,Ж,20,ru,ru,базовый,высокий,средний,юг,город,внутренний мигрант,Алматы,Шымкент-Алматы,есть,гражданин,студент,"Трудоголизм и неумение отдыхать, сформированные гиперответственностью старшего ребенка и необходимостью помогать семье в трудные времена."
187,М,55,kk,kk,высокий,средний,базовый,север,райцентр,постоянное место жительства,-,-,есть,гражданин,работающий,"Потребность в контроле и порядке как способ справиться с внутренней тревогой, заложенной хаотичным воспитанием и частыми переездами."
188,Ж,29,kk,ru,высокий,высокий,базовый,восток,аул,постоянное место жительства,-,-,есть,гражданин,декрет,"Прокрастинация и страх неудачи, выросшие из гиперопеки и отсутствия необходимости что-либо 'достигать' в детстве."
189,М,32,ru,ru,средний,высокий,средний,запад,город,постоянное место жительства,-,-,есть,гражданин,работающий,"Импульсивность и неумение планировать будущее, сформированные воспитанием в творческой, но хаотичной семье, где жили 'одним днем'."
190,Ж,68,kk,kk,высокий,базовый,нет,центр,райцентр,постоянное место жительства,-,-,есть,гражданин,пенсионер,"Социальная изоляция и уход в себя, ставшие следствием ранней потери родителей и воспитания у пожилой бабушки, что ограничило общение со сверстниками."
191,М,36,оба,ru,высокий,высокий,высокий,юг,город,постоянное место жительства,-,-,есть,гражданин,работающий,"Чувство вины и гиперответственность, сформированные после смерти младшего брата в детстве, где он чувствовал себя 'недосмотревшим'."
192,Ж,43,kk,kk,высокий,средний,нет,север,город,постоянное место жительства,-,-,есть,гражданин,работающий,"Скрытность и недоверие к людям, выросшие из жизни в семье с 'двойным дном' (отец-чиновник вел двойную жизнь), где нужно было 'держать лицо'."
193,М,15,ru,ru,базовый,высокий,базовый,восток,райцентр,постоянное место жительства,-,-,есть,гражданин,школьник,Проблемы с дисциплиной и неприятие авторитетов как бунт против строгого отца-военного и формализма в школе.
194,Ж,23,kk,оба,высокий,средний,средний,запад,город,постоянное место жительства,-,-,есть,гражданин,работающий,"Тревога разлуки и страх одиночества, сформированные ранней смертью отца и эмоциональной холодностью матери, погруженной в свое горе."
195,М,58,kk,kk,высокий,средний,нет,центр,аул,постоянное место жительства,-,-,есть,гражданин,пенсионер,"Привычка к одиночеству и самодостаточность, выросшие из роли старшего ребенка в многодетной сельской семье, где ему рано пришлось стать самостоятельным."
196,Ж,34,ru,ru,средний,высокий,средний,юг,райцентр,постоянное место жительства,-,-,есть,гражданин,работающий,"Неуверенность в своих силах и страх принимать решения, сформированные авторитарной матерью, которая все решала за нее."
197,М,26,kk,kk,высокий,средний,базовый,север,город,постоянное место жительства,-,-,есть,гражданин,работающий,"Склонность к накопительству и 'синдром отложенной жизни', сформированные бедностью в 90-е и страхом, что 'все может снова закончиться'."
198,Ж,47,ru,ru,базовый,высокий,высокий,восток,город,постоянное место жительства,-,-,есть,гражданин,работающий,"Отсутствие эмпатии и эмоциональная холодность как профессиональная деформация, усугубленная воспитанием в семье, где не принято было проявлять чувства."
199,М,19,kk,kk,высокий,средний,нет,запад,аул,постоянное место жительства,-,-,есть,гражданин,студент,"Тотальная пассивность и безынициативность, выросшие из 'выученной беспомощности', сформированной тяжелым рождением, диагнозом ДЦП и последующей изоляцией."
200,Ж,40,оба,ru,высокий,высокий,средний,центр,город,постоянное место жительства,-,-,есть,гражданин,работающий,"Потребность в контроле и перфекционизм, сформированные как способ заслужить любовь и внимание вечно занятых родителей-карьеристов."
201,М,37,kk,kk,высокий,средний,базовый,юг,город,постоянное место жительства,-,-,есть,гражданин,работающий,"Привычка создавать финансовую 'подушку безопасности' и страх бедности, выросшие из опыта выживания семьи в 90-е."
202,Ж,50,ru,ru,средний,высокий,нет,север,райцентр,постоянное место жительства,-,-,есть,гражданин,работающий,"Гиперчувствительность к критике и зависимость от чужого мнения, сформированные матерью, которая постоянно сравнивала ее с другими детьми."
203,М,16,kk,kk,высокий,средний,средний,восток,город,постоянное место жительства,-,-,есть,гражданин,школьник,"Агрессивность и импульсивность как защитная реакция на мир, сформированная сложным рождением, конфликтами в семье и буллингом в школе."
204,Ж,24,ru,ru,базовый,высокий,базовый,запад,город,внутренний мигрант,Актобе,Уральск-Актобе,есть,гражданин,работающий,"Синдром самозванца и нездоровое сравнение себя с другими, выросшие из постоянной конкуренции с более успешным братом."
205,М,62,оба,ru,высокий,высокий,высокий,центр,город,постоянное место жительства,-,-,есть,гражданин,пенсионер,Синдром самозванца и трудоголизм как способ доказать свою ценность 'простым' родителям-рабочим после получения высшего образования.
206,Ж,33,kk,kk,высокий,средний,нет,юг,аул,постоянное место жительства,-,-,есть,гражданин,работающий,"Скромность и избегание публичности, сформированные строгим традиционным воспитанием в ауле, где 'девочка должна быть тихой'."
207,М,28,ru,ru,средний,высокий,средний,север,город,постоянное место жительства,-,-,есть,гражданин,работающий,"Эмоциональная зависимость от партнера и страх одиночества, выросшие из недостатка отцовского внимания в детстве."
208,Ж,46,kk,ru,высокий,высокий,базовый,восток,райцентр,постоянное место жительства,-,-,есть,гражданин,работающий,"Привычка 'казаться, а не быть' и создавать 'успешный' образ, сформированная как способ вырваться из бедности и попасть в 'высшее общество'."
209,М,51,ru,ru,базовый,высокий,нет,запад,город,постоянное место жительства,-,-,есть,гражданин,работающий,"Жертвенность и неумение говорить 'нет', сформированные ролью старшей сестры, на которую была возложена забота о больной матери."
210,Ж,40,kk,ru,высокий,высокий,средний,юг,город,постоянное место жительства,-,-,есть,гражданин,работающий,Зависимость от адреналина и рискованное поведение как способ почувствовать себя живым после монотонной и безопасной жизни под гиперопекой.
211,М,35,ru,ru,базовый,высокий,базовый,юг,город,постоянное место жительства,Шымкент,,есть,гражданин,работающий,"Финансовые трудности родителей в детстве привели к страху бедности, постоянной экономии и выбору практичных решений."
212,Ж,28,kk,kk,высокий,средний,базовый,запад,город,внутренний мигрант,Актау,"Актау, Атырау",есть,гражданин,работающий,"Частые переезды в детстве способствовали быстрой адаптации к новым условиям, но создали сложности с построением долгосрочных отношений."
213,М,45,оба,ru,высокий,высокий,средний,центр,город,постоянное место жительства,Астана,,есть,гражданин,работающий,"Воспитание в строгой семье военного сформировало перфекционизм, требовательность к себе и окружающим, а также трудности с проявлением эмоций."
214,Ж,22,kk,kk,высокий,базовый,базовый,юг,аул,постоянное место жительства,Туркестанская область,,есть,гражданин,студент,"Ранняя потеря матери вызвала страх привязанности и избегание близких отношений, чтобы не испытывать боль утраты."
215,М,19,ru,ru,средний,высокий,средний,север,город,внешний мигрант,Костанай,,нет,временно,студент,"Буллинг в школе из-за внешности стал причиной низкой самооценки, избегания публичных выступлений и новых знакомств."
216,Ж,50,оба,kk,высокий,высокий,базовый,восток,райцентр,постоянное место жительства,Семей,,есть,гражданин,работающий,"Жизнь в тени успешной старшей сестры привела к синдрому самозванца, постоянному сравнению себя с другими и обесцениванию своих достижений."
217,М,65,kk,kk,высокий,средний,базовый,запад,аул,постоянное место жительства,Мангистауская область,,есть,гражданин,пенсионер,"Тяжелый физический труд с юности выработал привычку терпеть боль и не жаловаться, а также пренебрегать собственным здоровьем."
218,Ж,31,ru,ru,средний,высокий,высокий,центр,город,постоянное место жительства,Караганда,,есть,гражданин,декрет,"Развод родителей в подростковом возрасте породил страх повторить их судьбу, идеализацию семейных отношений и боязнь конфликтов."
219,М,26,kk,ru,высокий,средний,базовый,юг,город,внутренний мигрант,Алматы,"Алматы, Тараз",есть,гражданин,работающий,Гиперопека со стороны родителей привела к несамостоятельности в принятии решений и поиску одобрения у авторитетных фигур.
220,Ж,41,ru,ru,базовый,высокий,средний,север,город,постоянное место жительства,Петропавловск,,есть,гражданин,работающий,"Необходимость ухаживать за больным родственником в юности развила чувство ответственности, но и неумение просить о помощи."
221,М,18,kk,kk,высокий,базовый,базовый,восток,аул,постоянное место жительства,Восточно-Казахстанская область,,есть,гражданин,студент,Постоянные конфликты между родителями привели к избеганию споров любой ценой и уступчивости в ущерб собственным интересам.
222,Ж,38,оба,ru,высокий,высокий,средний,центр,город,постоянное место жительства,Астана,,есть,гражданин,работающий,Сравнение с более 'женственными' сверстницами в детстве породило комплексы по поводу внешности и чрезмерное увлечение косметикой и модой.
223,М,29,ru,ru,средний,высокий,базовый,запад,город,постоянное место жительства,Уральск,,есть,гражданин,работающий,"Отец, обесценивающий его увлечения, стал причиной скрытности и нежелания делиться своими планами из-за страха критики."
224,Ж,48,kk,kk,высокий,средний,базовый,юг,райцентр,постоянное место жительства,Кызылорда,,есть,гражданин,безработный,Ранний брак и рождение детей создали ощущение 'потерянной молодости' и попытки наверстать упущенное через яркую одежду.
225,М,55,ru,ru,базовый,высокий,базовый,север,город,постоянное место жительства,Павлодар,,есть,гражданин,работающий,"Потеря работы в 90-е вызвала страх нестабильности, стремление к созданию 'подушки безопасности' и недоверие к финансовым институтам."
226,Ж,24,оба,kk,высокий,высокий,высокий,центр,город,внутренний мигрант,Астана,"Астана, Алматы",нет,гражданин,студент,"Воспитание в семье, где ценилось только образование, привело к трудоголизму, неумению отдыхать и чувству вины за безделье."
227,М,33,kk,kk,высокий,средний,базовый,запад,аул,постоянное место жительства,Актюбинская область,,есть,гражданин,работающий,"Старший брат, который всегда был примером, породил вечное соревнование, стремление доказать свою состоятельность и боль от неудач."
228,Ж,21,ru,ru,средний,высокий,средний,восток,город,постоянное место жительства,Усть-Каменогорск,,есть,гражданин,студент,Недостаток внимания со стороны занятых родителей привел к поиску признания через социальные сети и зависимости от лайков.
229,М,42,оба,ru,высокий,высокий,базовый,центр,город,постоянное место жительства,Темиртау,,есть,гражданин,работающий,"Жизнь в промышленном городе с плохой экологией стала причиной ипохондрии, повышенного внимания к своему здоровью."
230,Ж,27,kk,kk,высокий,базовый,базовый,юг,город,постоянное место жительства,Талдыкорган,,есть,гражданин,работающий,Воспитание бабушкой в традиционном ключе вызвало трудности с принятием современных гендерных ролей и консервативные взгляды на семью.
231,М,25,ru,ru,средний,высокий,средний,юг,город,постоянное место жительства,Алматы,,есть,гражданин,работающий,Ощущение себя 'чужим' в школе из-за отсутствия детсадовского опыта привело к поиску своего круга общения в онлайн-играх и на форумах.
232,Ж,30,kk,kk,высокий,средний,базовый,север,аул,постоянное место жительства,Северо-Казахстанская область,,есть,гражданин,работающий,Жизнь в замкнутом социуме аула сформировала сильную привязанность к 'своим' и недоверие к чужакам и новому.
233,М,40,оба,ru,высокий,высокий,высокий,центр,город,постоянное место жительства,Астана,,есть,гражданин,работающий,Статус 'золотого ребенка' и постоянное давление ожиданий привели к хроническому страху неудачи и боязни рисковать.
234,Ж,23,ru,ru,средний,высокий,средний,запад,город,постоянное место жительства,Актобе,,есть,гражданин,студент,Преодоление речевых проблем через упорный труд сформировало бойцовский характер и стремление доказывать свою силу словом.
235,М,38,kk,kk,высокий,средний,базовый,юг,город,постоянное место жительства,Шымкент,,есть,гражданин,работающий,"Строгое религиозное воспитание сформировало твердые моральные устои, но и категоричность в суждениях, неприятие инакомыслия."
236,Ж,29,ru,ru,базовый,высокий,средний,восток,город,постоянное место жительства,Усть-Каменогорск,,есть,гражданин,работающий,Детская привычка 'догонять' сверстников из-за болезней переросла в трудоголизм и тревогу при любом отставании от графика.
237,М,50,оба,ru,высокий,высокий,базовый,центр,райцентр,постоянное место жительства,Темиртау,,есть,гражданин,работающий,"Корпоративная культура, впитанная с детства, привела к отождествлению себя с работой и потерей личности вне профессии."
238,Ж,33,ru,ru,средний,высокий,высокий,юг,город,постоянное место жительства,Тараз,,есть,гражданин,работающий,Ранний опыт столкновения с несправедливостью породил стремление защищать слабых и обостренную реакцию на ложь и лицемерие.
239,М,27,ru,ru,средний,высокий,базовый,запад,город,постоянное место жительства,Атырау,,есть,гражданин,работающий,"Привычка доминировать, сформированная в детстве, помогает в бизнесе, но создает серьезные проблемы в личных отношениях."
240,Ж,18,kk,kk,высокий,базовый,базовый,юг,аул,постоянное место жительства,Жамбылская область,,есть,гражданин,студент,"Богатый внутренний мир, созданный бабушкиными сказками, мешает адаптироваться к прагматичной и поверхностной студенческой среде."
241,М,21,ru,ru,базовый,высокий,средний,север,город,постоянное место жительства,Кокшетау,,есть,гражданин,студент,Полная идентификация себя со спортивными успехами привела к страху перед 'жизнью после спорта' и отсутствию других интересов.
242,Ж,36,оба,kk,высокий,высокий,базовый,восток,райцентр,постоянное место жительства,Аягоз,,есть,гражданин,работающий,"Раннее признание таланта стало якорем, который помогает справляться с критикой и неуверенностью в себе во взрослой жизни."
243,М,60,kk,kk,высокий,базовый,базовый,запад,аул,постоянное место жительства,Западно-Казахстанская область,,есть,гражданин,пенсионер,Недоверие к 'бумажному' образованию и вера только в практический опыт мешают принимать новые технологии в сельском хозяйстве.
244,Ж,26,ru,ru,средний,высокий,средний,центр,город,постоянное место жительства,Караганда,,есть,гражданин,работающий,"Страх быть покинутой, заложенный в раннем детстве, приводит к созависимым отношениям и паническим атакам при расставании."
245,М,32,kk,ru,высокий,высокий,базовый,юг,город,внутренний мигрант,Алматы,"Алматы, Шымкент",есть,гражданин,работающий,"Зависимость от социального внимания и 'подзарядки' от толпы делает его успешным в профессии, но невыносимым в тихой семейной жизни."
246,М,35,ru,ru,средний,высокий,средний,юг,город,постоянное место жительства,Шымкент,,есть,гражданин,работающий,"Стресс матери из-за финансов во время беременности → повышенная тревожность и привычка контролировать расходы, постоянная проверка банковского счета"
247,Ж,28,kk,kk,высокий,базовый,базовый,север,аул,постоянное место жительства,аул возле Кокшетау,,есть,гражданин,работающий,Родилась недоношенной → гиперопека матери → неуверенность в себе и поиск одобрения у окружающих
248,М,45,kk,ru,высокий,высокий,базовый,центр,райцентр,внутренний мигрант,Караганда,"Караганда, Астана",есть,гражданин,работающий,"Буллинг в школе из-за акцента → стал замкнутым, но наблюдательным → развил писательский талант как способ самовыражения"
249,Ж,22,ru,ru,средний,высокий,высокий,юг,город,постоянное место жительства,Алматы,,нет,гражданин,студент,Развод родителей в детстве → ранее взросление и стремление к финансовой независимости → подрабатывает с первого курса
250,М,55,kk,kk,высокий,средний,базовый,запад,город,постоянное место жительства,Актау,,есть,гражданин,работающий,Вырос в многодетной семье → чувство ответственности за близких → стал главой семьи и опорой для всех родственников
251,Ж,18,ru,ru,средний,высокий,средний,восток,город,постоянное место жительства,Усть-Каменогорск,,есть,гражданин,студент,Врождённое заболевание → необходимость соблюдать режим с детства → высокая самодисциплина и ответственность в учёбе
252,М,30,оба,ru,высокий,высокий,высокий,юг,город,внутренний мигрант,Алматы,"Алматы, Астана, Шымкент",нет,гражданин,работающий,"Родители-геологи, постоянные переезды в детстве → лёгкость на подъём и неприязнь к рутине → выбрал фриланс и жизнь 'на чемоданах'"
253,Ж,40,kk,kk,высокий,средний,базовый,юг,город,постоянное место жительства,Тараз,,есть,гражданин,декрет,Поздняя и долгожданная беременность → страх за ребёнка → тотальный контроль над его жизнью и здоровьем
254,М,65,ru,ru,базовый,высокий,базовый,север,город,постоянное место жительства,Павлодар,,есть,гражданин,пенсионер,40 лет на одном заводе → ностальгия по СССР и неприятие современных трендов → 'раньше было лучше'
255,Ж,25,оба,ru,высокий,высокий,высокий,центр,город,внутренний мигрант,Астана,"Караганда, Астана",нет,гражданин,работающий,Высокие ожидания родителей-академиков → перфекционизм и страх неудачи → трудоголизм и карьерные амбиции
256,М,16,kk,kk,высокий,базовый,базовый,запад,аул,постоянное место жительства,аул возле Атырау,,есть,гражданин,школьник,С ранних лет помогал отцу с хозяйством → практичный взгляд на жизнь → планирует развивать семейный агробизнес
257,Ж,32,ru,ru,средний,высокий,средний,юг,город,постоянное место жительства,Алматы,,есть,гражданин,безработный,Тяжёлый развод и предательство мужа → проблемы с доверием к мужчинам → избегание серьёзных отношений
258,М,20,ru,ru,базовый,высокий,базовый,восток,райцентр,постоянное место жительства,Семей,,есть,гражданин,студент,"Отец-дальнобойщик, всё детство в гараже → любовь к технике → выбрал специальность автомеханика"
259,Ж,50,ru,ru,высокий,высокий,высокий,юг,город,постоянное место жительства,Алматы,,есть,гражданин,работающий,"Бедное детство в 90-е → сильная мотивация вырваться из нищеты → построила успешный бизнес с нуля, требовательна к себе и подчиненным"
260,М,29,ru,ru,базовый,высокий,средний,север,город,постоянное место жительства,Петропавловск,,нет,гражданин,работающий,"Нашёл старую гитару на чердаке в детстве → музыка стала способом убежать от семейных конфликтов → посвятил жизнь творчеству, несмотря на финансовые трудности"
261,Ж,38,ru,ru,средний,высокий,средний,восток,город,постоянное место жительства,Усть-Каменогорск,,есть,гражданин,работающий,"Болезненность в детстве и ипохондрия матери → выбор профессии врача, чтобы получить контроль над своим здоровьем и здоровьем близких, постоянная самодиагностика"
262,М,23,kk,kk,высокий,базовый,базовый,запад,аул,внутренний мигрант,Атырау,"Атырау, Тенгиз",есть,гражданин,работающий,"Отец работал вахтовым методом → в детстве идеализировал эту 'романтику' и большие заработки → выбрал тот же путь, не видя минусов в виде отсутствия дома"
263,Ж,29,оба,ru,высокий,высокий,высокий,юг,город,постоянное место жительства,Алматы,,нет,гражданин,работающий,"Единственный ребенок в семье интеллектуалов → с детства привыкла к похвале за ум → панически боится показаться глупой, избегает тем, в которых не разбирается"
264,М,42,kk,ru,высокий,средний,базовый,центр,райцентр,постоянное место жительства,Жезказган,,есть,гражданин,работающий,"Рано потерял отца → стал главным мужчиной в семье → гиперответственность, не умеет просить о помощи, всё 'тащит' на себе"
265,Ж,19,ru,ru,базовый,высокий,средний,север,город,постоянное место жительства,Костанай,,есть,гражданин,студент,Родители всегда сравнивали её со старшей сестрой → вечная 'вторая' → стремится выделиться через эпатажный внешний вид и хобби
266,М,33,ru,ru,средний,высокий,базовый,юг,город,внешний мигрант,Алматы,,нет,ПМЖ,работающий,"Переехал в Казахстан в подростковом возрасте → столкнулся с трудностями адаптации → развил эмпатию и хорошо понимает 'чужаков', всегда готов помочь новым репатриантам"
267,Ж,58,kk,kk,высокий,базовый,базовый,юг,аул,постоянное место жительства,аул возле Шымкента,,есть,гражданин,пенсионер,"Всю жизнь посвятила семье и детям, отказавшись от карьеры → после того как дети выросли и уехали, почувствовала пустоту → находит смысл в ведении домашнего хозяйства и помощи соседям"
268,М,26,ru,ru,базовый,высокий,высокий,центр,город,постоянное место жительства,Астана,,есть,гражданин,работающий,"Отец-военный, строгое воспитание → привычка к дисциплине и порядку → трудности с креативностью и гибкостью, предпочитает чёткие инструкции"
269,Ж,31,kk,kk,высокий,средний,базовый,запад,город,постоянное место жительства,Актау,,есть,гражданин,декрет,"Выросла в атмосфере вседозволенности → не привыкла к отказам → манипулирует мужем и родителями для получения желаемого, частые обиды"
270,М,50,оба,ru,высокий,высокий,базовый,восток,город,постоянное место жительства,Семей,,есть,гражданин,безработный,"Пережил распад СССР и закрытие завода, где работал → потеря веры в стабильность → не ищет постоянную работу, перебивается случайными заработками, фатализм"
271,Ж,24,ru,ru,средний,высокий,высокий,юг,город,внутренний мигрант,Алматы,"Алматы, Шымкент",нет,гражданин,студент,"Красивая внешность с детства была 'капиталом' → привычка получать желаемое за счёт обаяния, а не усилий → не развивает профессиональные навыки, надеясь на удачное замужество"
272,М,17,kk,kk,высокий,базовый,средний,центр,город,постоянное место жительства,Караганда,,есть,гражданин,школьник,"Увлёкся киберспортом → нашёл в виртуальном мире успех и признание, которых не хватало в школе → планирует стать профессиональным игроком вопреки воле родителей"
273,Ж,45,ru,ru,базовый,высокий,базовый,север,город,постоянное место жительства,Петропавловск,,есть,гражданин,работающий,"Тяжелая работа матери на нескольких работах → с детства усвоила, что 'отдых нужно заслужить' → не может расслабиться без чувства вины, даже в отпуске ищет 'полезные' дела"
274,М,36,kk,ru,высокий,высокий,базовый,юг,город,постоянное место жительства,Кызылорда,,есть,гражданин,работающий,"Вырос в регионе с сильными традициями → уважение к старшим и соблюдение ритуалов → трудности с адаптацией в более современной среде, осуждение 'неправильного' поведения"
275,Ж,21,ru,ru,средний,высокий,средний,восток,райцентр,постоянное место жительства,Риддер,,нет,гражданин,студент,Маленький город с отсутствием перспектив → мечта о переезде в мегаполис как главная цель → идеализация большой городской жизни и обесценивание своей 'малой родины'
276,Ж,34,ru,ru,базовый,высокий,средний,центр,райцентр,постоянное место жительства,Темиртау,,есть,гражданин,работающий,"Отец-шахтёр, постоянная тревога за его жизнь → выработала гиперответственность и привычку всё контролировать, чтобы избежать 'неожиданностей'"
277,М,48,kk,kk,высокий,средний,базовый,юг,аул,постоянное место жительства,аул возле Туркестана,,есть,гражданин,работающий,"Старший сын в семье, с детства помогал отцу → привычка брать на себя всю тяжелую работу → игнорирование собственных потребностей и усталости"
278,Ж,26,оба,ru,высокий,высокий,высокий,юг,город,постоянное место жительства,Алматы,,нет,гражданин,работающий,"Родители-дипломаты, детство в разных странах → легко адаптируется к любой среде, но нигде не чувствует себя 'дома' → поверхностные социальные связи"
279,М,63,ru,ru,базовый,высокий,базовый,север,город,постоянное место жительства,Петропавловск,,есть,гражданин,пенсионер,"Потеря сбережений в 90-е → глубокое недоверие к финансовым институтам и банкам → хранит деньги 'под матрасом', боится инвестировать"
280,Ж,20,kk,kk,высокий,базовый,средний,запад,город,постоянное место жительства,Атырау,,есть,гражданин,студент,"Отец-нефтяник, избалованная 'папина дочка' → привычка получать всё по первому требованию → нетерпимость к отказам и трудностям"
281,М,39,ru,ru,средний,высокий,базовый,восток,город,внутренний мигрант,Усть-Каменогорск,"Усть-Каменогорск, Алматы",есть,гражданин,работающий,"Пережил клиническую смерть в юности → переоценка ценностей, живёт 'одним днём' → склонность к риску и импульсивным решениям"
282,Ж,41,kk,ru,высокий,высокий,базовый,центр,город,постоянное место жительства,Астана,,есть,гражданин,работающий,"Мать-учительница, высокие требования к учёбе → перфекционизм и 'синдром самозванца' → обесценивает собственные достижения, боится критики"
283,М,28,ru,ru,базовый,высокий,средний,юг,город,номад (не резидент РК),,,нет,временно,безработный,"Увлёкся идеями дауншифтинга → отказ от карьеры и материальных благ → путешествует по Азии, перебиваясь случайными заработками"
284,Ж,55,ru,ru,средний,высокий,базовый,восток,город,постоянное место жительства,Семей,,есть,гражданин,работающий,"Развод в зрелом возрасте после 30 лет брака → страх одиночества → судорожно ищет новые отношения, чтобы заполнить пустоту"
285,М,31,kk,kk,высокий,базовый,базовый,юг,аул,внутренний мигрант,Шымкент,"Шымкент, аул",есть,гражданин,работающий,"В детстве был свидетелем несправедливости по отношению к его семье → обострённое чувство справедливости → стал юристом, чтобы защищать 'простых людей'"
286,Ж,18,ru,ru,средний,высокий,высокий,юг,город,постоянное место жительства,Алматы,,есть,гражданин,студент,Гиперопека после попытки похищения в детстве → социальная тревожность и страх перед незнакомыми людьми → предпочитает онлайн-общение реальному
287,М,44,оба,ru,высокий,высокий,базовый,центр,город,постоянное место жительства,Караганда,,есть,гражданин,работающий,Отец привил любовь к чтению и истории → стал 'ходячей энциклопедией' → использует эрудицию для самоутверждения и доминирования в спорах
288,Ж,22,kk,kk,высокий,средний,базовый,запад,райцентр,постоянное место жительства,Кульсары,,нет,гражданин,студент,"Выросла в строгой, религиозной семье → внутренний конфликт между желаниями и запретами → ведёт 'двойную жизнь', скрывая от родных свои увлечения"
289,М,37,ru,ru,базовый,высокий,средний,север,город,постоянное место жительства,Кокшетау,,есть,гражданин,работающий,"С детства заикался → стал объектом насмешек → развил отличное чувство юмора как защитный механизм, самоирония"
290,Ж,30,ru,ru,средний,высокий,высокий,юг,город,внешний мигрант,Алматы,,нет,ПМЖ,декрет,"Переехала вслед за мужем-экспатом → потеряла свой круг общения и работу → кризис идентичности, чувство зависимости от мужа"
291,М,52,kk,ru,высокий,высокий,базовый,юг,город,постоянное место жительства,Тараз,,есть,гражданин,работающий,В 90-е занимался 'челночным' бизнесом → привычка к риску и умение 'договариваться' → успешный предприниматель с хорошими связями
292,Ж,25,ru,ru,базовый,высокий,базовый,восток,райцентр,внутренний мигрант,Риддер,"Риддер, Усть-Каменогорск",нет,гражданин,безработный,"Мать-одиночка, работавшая на износ → жалость к матери и подсознательное нежелание повторять её судьбу → избегает серьёзной работы и ответственности"
293,М,40,ru,ru,средний,высокий,высокий,центр,город,постоянное место жительства,Астана,,есть,гражданин,работающий,"Попал в аварию, долго был прикован к постели → развил силу воли и научился ценить простые вещи (ходьба, природа) → занимается марафонами и триатлоном"
294,Ж,29,kk,kk,высокий,базовый,базовый,запад,аул,постоянное место жительства,аул возле Уральска,,есть,гражданин,работающий,"Её талант к пению не одобрялся в семье ('несерьёзно') → бросила музыку, но чувствует себя нереализованной → поёт в караоке, чтобы получить дозу признания"
295,М,21,ru,ru,средний,высокий,средний,юг,город,постоянное место жительства,Алматы,,есть,гражданин,студент,"Родители - 'вечные студенты', атмосфера творчества и безалаберности → отсутствие дисциплины и неумение планировать → часто срывает дедлайны, живёт в 'творческом беспорядке'"
296,Ж,51,kk,en,высокий,базовый,средний,юг,Тараз,постоянное место жительства,Тараз,,нет,временно,работающая,"Внутренняя тревожность, выросшая из травматичного рождения (реанимация) и усугубленная опытом жизни в приемной семье и школьным буллингом. Привычка брать на себя все обязанности как способ контроля над своей жизнью."
297,М,62,kk,en,высокий,базовый,средний,юг,Кызылорда,постоянное место жительства,Кызылорда,,есть,временно,пенсионер,"Чрезмерная зависимость от близких как следствие гиперопеки в детстве (из-за слабого здоровья) и нереализованности в профессии, что привело к перекладыванию ответственности на других."
298,М,41,kk,kk,высокий,средний,средний,юг,Алматы,внутренний мигрант,Алматы,из Балхаш в Алматы,есть,гражданин,работающий,"Перегрузка обязанностями и трудоголизм как способ заглушить чувство вины перед семьей, которую он оставил ради карьеры в большом городе."
299,М,62,kk,kk,высокий,средний,базовый,юг,Кызылорда,внутренний мигрант,Кызылорда,из Балхаш в Кызылорда,нет,временно,пенсионер,"Зависимость от чужого мнения, сформированная в детстве, где любовь и одобрение родителей нужно было постоянно 'заслуживать' хорошим поведением и успехами."
300,М,26,kk,ru,высокий,средний,средний,юг,Кызылорда,внешний мигрант,Кызылорда,из ближнего зарубежья,нет,гражданин,работающий,Стремление к материальному благополучию и статусу как способ компенсировать бедное детство и доказать свою состоятельность окружающим.
301,М,42,kk,kk,высокий,средний,средний,юг,Шымкент,номад (не резидент РК),Шымкент,,нет,временно,работающий,"Постоянное беспокойство о будущем и страх нестабильности, заложенные финансовыми трудностями матери во время беременности и укрепившиеся из-за жизни в приемной семье."
302,Ж,42,kk,ru,высокий,средний,базовый,юг,Шымкент,внутренний мигрант,Шымкент,из Астана в Шымкент,есть,гражданин,работающая,"Излишняя самокритика и перфекционизм, выросшие из ощущения, что она 'недостаточно хороша' для матери, которая тяжело переживала послеродовую депрессию."
303,М,22,kk,ru,высокий,средний,средний,юг,Шымкент,внутренний мигрант,Шымкент,из Актау в Шымкент,нет,гражданин,студент,"Неуверенность в себе и страх принимать решения, сформированные гиперопекающей матерью, которая видела в ней 'единственный смысл жизни' после развода."
304,Ж,55,kk,en,высокий,средний,высокий,юг,Кызылорда,постоянное место жительства,Кызылорда,,есть,гражданин,работающая,"Стремление к 'идеальной картинке' в жизни и соцсетях как способ компенсировать внутреннюю пустоту и отсутствие глубоких эмоциональных связей, идущее из детства в казенном учреждении."
305,Ж,19,kk,ru,высокий,средний,средний,юг,Алматы,постоянное место жительства,Алматы,,есть,гражданин,студент,Эмоциональная отстраненность и трудоголизм как защитная реакция на раннюю потерю матери и необходимость быстро повзрослеть.
306,М,40,kk,kk,высокий,высокий,базовый,запад,Актау,номад (не резидент РК),Актау,,нет,гражданин,работающий,"Страх одиночества и привычка 'растворяться' в партнере, сформированные опытом жизни в приюте и подсознательным желанием обрести семью любой ценой."
307,М,53,kk,kk,высокий,высокий,базовый,запад,Кульсары,постоянное место жительства,Кульсары,,нет,временно,работающий,"Потребность в постоянном одобрении и похвале, выросшая из недостатка отцовского внимания в детстве (отец ушел из семьи)."
308,М,48,kk,kk,высокий,высокий,высокий,запад,Актобе,внешний мигрант,Актобе,из ближнего зарубежья,есть,гражданин,работающий,"Недоверие к людям и ожидание подвоха, сформированные предательством близких в юности (передача в приют) и укрепившиеся во время службы в армии."
309,М,57,kk,kk,высокий,высокий,средний,запад,Уральск,внешний мигрант,Уральск,из ближнего зарубежья,нет,временно,работающий,"Неумение говорить 'нет' и жертвенность, выросшие из роли старшего ребенка, на которого была возложена забота о младших после смерти матери."
310,Ж,61,kk,kk,высокий,высокий,высокий,запад,Атырау,номад (не резидент РК),Атырау,,нет,гражданин,пенсионерка,"Инфантилизм и избегание ответственности, сформированные гиперопекой богатых родителей, которые с детства решали за него все проблемы."
311,Ж,25,kk,en,высокий,высокий,средний,запад,Актобе,постоянное место жительства,Актобе,,есть,временно,работающая,"Синдром выжившего' и чувство вины, сформированные после тяжелой болезни в детстве, что привело к желанию 'прожить жизнь за двоих'."
312,Ж,23,kk,ru,высокий,высокий,средний,запад,Уральск,постоянное место жительства,Уральск,,нет,гражданин,работающая,"Агрессивность и импульсивность как защитная реакция на мир, сформированная в результате жестокого обращения в детстве и жизни 'по законам улицы'."
313,Ж,53,kk,en,высокий,высокий,средний,запад,Актобе,внутренний мигрант,Актобе,из Кызылорда в Актобе,есть,гражданин,работающая,"Перфекционизм и страх неудачи, выросшие из постоянного сравнения с более успешной сестрой в детстве."
314,М,61,kk,kk,высокий,высокий,базовый,запад,Актау,внешний мигрант,Актау,из ближнего зарубежья,нет,временно,пенсионер,"Склонность к риску и адреналиновая зависимость как способ почувствовать себя живым и значимым, компенсируя недостаток внимания в многодетной семье."
315,Ж,56,kk,en,высокий,высокий,средний,запад,Актобе,номад (не резидент РК),Актобе,,нет,гражданин,работающая,"Неуверенность в себе и страх проявлять инициативу, сформированные властной матерью, которая подавляла любые попытки самостоятельности."
316,М,47,ru,en,базовый,высокий,высокий,север,Кокшетау,постоянное место жительства,Кокшетау,,нет,временно,работающий,"Привычка 'быть незаметным' и избегать конфликтов, сформированная в семье с отцом-алкоголиком, где любое внимание могло спровоцировать агрессию."
317,Ж,43,kk,ru,средний,высокий,высокий,север,Костанай,постоянное место жительства,Костанай,,есть,гражданин,работающая,"Эмоциональная зависимость от партнера и страх одиночества, выросшие из недостатка материнской любви (мать была поглощена карьерой)."
318,Ж,30,ru,kk,базовый,высокий,высокий,север,Кокшетау,постоянное место жительства,Кокшетау,,есть,временно,работающая,"Потребность в контроле и порядке как способ справиться с внутренней тревогой, заложенной хаотичным воспитанием и частыми переездами."
319,М,48,kk,kk,средний,высокий,средний,север,Петропавловск,постоянное место жительства,Петропавловск,,есть,гражданин,работающий,"Стремление к созданию 'идеальной' семьи как способ компенсировать собственное несчастливое детство, проведенное в детском доме."
320,М,38,ru,ru,базовый,высокий,высокий,север,Петропавловск,номад (не резидент РК),Петропавловск,,есть,временно,работающий,"Заниженная самооценка и привычка угождать другим, сформированные в ответ на постоянную критику и обесценивание со стороны отца."
321,Ж,46,ru,ru,базовый,высокий,базовый,север,Кокшетау,внешний мигрант,Кокшетау,из ближнего зарубежья,нет,временно,работающая,"Недоверие к мужчинам и страх близких отношений, сформированные после тяжелого развода родителей и предательства отца."
322,Ж,59,kk,en,средний,высокий,базовый,север,Петропавловск,внешний мигрант,Петропавловск,из ближнего зарубежья,есть,гражданин,работающая,"Синдром спасателя' и привычка вступать в отношения с 'проблемными' партнерами, выросшие из необходимости заботиться о больной матери в детстве."
323,Ж,47,ru,en,базовый,высокий,базовый,север,Петропавловск,номад (не резидент РК),Петропавловск,,нет,гражданин,работающая,"Трудоголизм и неумение отдыхать, сформированные бедностью в детстве и необходимостью рано начать работать, чтобы помогать семье."
324,М,50,kk,ru,средний,высокий,средний,север,Костанай,внешний мигрант,Костанай,из ближнего зарубежья,нет,временно,работающий,"Инфантилизм и финансовая безграмотность, выросшие из воспитания в обеспеченной семье, где деньги 'всегда были'."
325,М,51,kk,kk,средний,высокий,высокий,север,Петропавловск,внешний мигрант,Петропавловск,из ближнего зарубежья,есть,временно,работающий,"Склонность к саморазрушению (вредные привычки, рискованное поведение) как способ заглушить чувство вины за трагедию в прошлом (смерть сестры)."
326,Ж,69,kk,ru,высокий,средний,средний,восток,Семей,постоянное место жительства,Семей,,нет,временно,пенсионерка,"Пассивность и безынициативность, сформированные гиперопекающей матерью, которая не давала ему совершать собственные ошибки."
327,М,58,kk,kk,высокий,средний,высокий,восток,Усть-Каменогорск,внешний мигрант,Усть-Каменогорск,из ближнего зарубежья,нет,временно,работающий,"Страх бедности и привычка создавать 'финансовую подушку', сформированные опытом выживания семьи в 90-е."
328,Ж,38,kk,ru,высокий,средний,высокий,восток,Зыряновск,внутренний мигрант,Зыряновск,из Тараз в Зыряновск,нет,временно,работающая,"Эмоциональная закрытость и неумение говорить о чувствах, выросшие в семье, где проявление эмоций считалось слабостью."
329,М,58,kk,en,высокий,средний,средний,восток,Семей,внешний мигрант,Семей,из ближнего зарубежья,нет,временно,работающий,"Потребность в уединении и дискомфорт в больших компаниях, сформированные воспитанием в изоляции от сверстников из-за слабого здоровья."
330,М,48,kk,en,высокий,средний,высокий,восток,Аягоз,номад (не резидент РК),Аягоз,,есть,временно,работающий,"Привычка 'казаться, а не быть' и создавать 'успешный' образ, сформированная как способ заслужить любовь и признание строгих родителей."
331,Ж,45,kk,ru,высокий,средний,высокий,восток,Аягоз,постоянное место жительства,Аягоз,,нет,временно,работающая,"Обесценивание собственных достижений и синдром самозванца, выросшие из постоянного сравнения с 'гениальным' отцом-ученым."
332,М,34,kk,en,высокий,средний,высокий,восток,Риддер,внутренний мигрант,Риддер,из Рудный в Риддер,нет,временно,работающий,"Неуверенность в медицинской системе и склонность к самолечению, сформированные негативным опытом в детстве (врачебная ошибка)."
333,М,62,kk,kk,высокий,средний,средний,восток,Усть-Каменогорск,внешний мигрант,Усть-Каменогорск,из ближнего зарубежья,есть,временно,пенсионер,"Трудности в браке и страх ответственности, выросшие из примера родителей, которые постоянно конфликтовали."
334,Ж,29,kk,ru,высокий,средний,базовый,восток,Зыряновск,внутренний мигрант,Зыряновск,из Семей в Зыряновск,нет,временно,работающая,"Боязнь повторения прошлых ошибок и перфекционизм, сформированные после серьезной травмы в юности, которая чуть не стоила ему карьеры."
335,М,49,kk,ru,высокий,средний,высокий,восток,Усть-Каменогорск,постоянное место жительства,Усть-Каменогорск,,нет,временно,работающий,Переживание одиночества и трудоголизм как способ избежать близких отношений после болезненного разрыва в прошлом.
336,Ж,32,kk,ru,высокий,средний,базовый,центр,Балхаш,внутренний мигрант,Балхаш,из Астана в Балхаш,есть,гражданин,работающая,"Страх ошибок и гиперответственность, сформированные в ответ на высокие ожидания родителей, которые видели в ней 'свою единственную надежду'."
337,Ж,34,kk,kk,высокий,средний,базовый,центр,Караганда,номад (не резидент РК),Караганда,,есть,гражданин,работающая,"Перфекционистский контроль и неумение делегировать, выросшие из необходимости все делать самой после ранней смерти матери."
338,М,33,kk,ru,высокий,средний,высокий,центр,Астана,внешний мигрант,Астана,из ближнего зарубежья,нет,гражданин,работающий,"Чрезмерная щедрость и неумение говорить 'нет', сформированные чувством вины перед семьей, оставшейся в другой стране."
339,Ж,37,kk,ru,средний,средний,средний,центр,Караганда,внутренний мигрант,Караганда,из Актау в Караганда,есть,временно,работающая,"Боязнь одиночества и склонность к созависимым отношениям, выросшие из недостатка внимания в многодетной семье."
340,М,38,kk,en,высокий,средний,высокий,центр,Караганда,внешний мигрант,Караганда,из ближнего зарубежья,есть,временно,работающий,"Излишняя прямолинейность и неумение идти на компромиссы, сформированные в спортивной школе, где ценилась только победа."
341,Ж,22,kk,en,высокий,средний,высокий,центр,Астана,внутренний мигрант,Астана,из Кокшетау в Астана,есть,временно,студент,Нетерпимость к рутине и постоянный поиск новых впечатлений как способ сбежать от скуки и серости маленького города.
342,М,32,kk,kk,средний,высокий,средний,центр,Караганда,внешний мигрант,Караганда,из ближнего зарубежья,нет,гражданин,работающий,"Привычка 'быть сильной' и не показывать слабость, сформированная в ответ на частые переезды и необходимость постоянно адаптироваться к новой среде."
343,Ж,47,kk,en,высокий,высокий,средний,центр,Жезказган,номад (не резидент РК),Жезказган,,нет,гражданин,работающая,"Тревога и страх перед неопределенностью, сформированные 'тепличным' воспитанием и первым серьезным столкновением с реальностью после миграции."
344,М,45,kk,kk,средний,средний,высокий,центр,Темиртау,номад (не резидент РК),Темиртау,,нет,гражданин,работающий,"Чувство нереализованных амбиций в 'реальной' жизни, сформированное детским эскапизмом в виртуальный мир, который стал и профессией, и убежищем от социальных трудностей."
345,Ж,51,kk,ru,средний,средний,базовый,центр,Астана,постоянное место жительства,Астана,,есть,временно,работающая,"Эмоциональная зависимость от партнера как способ компенсировать внутреннюю неуверенность, сформированную гиперопекой и необходимостью постоянно оправдывать ожидания родителей."
346,М,35,ru,ru,средний,высокий,базовый,север,город,постоянное место жительства,Астана,,есть,гражданин,работающий,"Высокие ожидания родителей привели к перфекционизму и страху совершить ошибку, что мешает карьерному росту."
347,Ж,28,kk,kk,высокий,средний,базовый,юг,город,внутренний мигрант,Шымкент,"Шымкент, Алматы",есть,гражданин,работающий,Ранняя ответственность за младших братьев и сестер в ауле сформировала гиперответственность и трудности с делегированием задач на работе.
348,М,45,ru,ru,базовый,высокий,базовый,запад,город,постоянное место жительства,Актау,,есть,гражданин,работающий,"Трудное детство в 90-е и необходимость рано начать работать создали установку 'рассчитывать только на себя', что привело к проблемам с доверием."
349,Ж,22,оба,ru,высокий,высокий,средний,центр,город,постоянное место жительства,Караганда,,есть,гражданин,студент,"Переезд семьи из аула в город ради ее образования вызвал чувство долга, что приводит к стрессу и тревоге по поводу будущей карьеры."
350,М,50,kk,kk,высокий,базовый,базовый,восток,аул,постоянное место жительства,аул,,есть,гражданин,работающий,"Отсутствие доступа к качественному образованию в детстве породило комплекс неполноценности, который он компенсирует через тяжелый физический труд."
351,Ж,31,ru,ru,средний,высокий,высокий,север,город,внешний мигрант,Астана,,нет,ПМЖ,декрет,"Опыт иммиграции и адаптации к новой культурной среде развил гибкость мышления, но также и постоянное чувство 'чужой' среди своих."
352,М,19,kk,kk,высокий,средний,средний,юг,город,постоянное место жительства,Алматы,,есть,гражданин,студент,Буллинг в элитной школе из-за простого происхождения привел к заниженной самооценке и поиску одобрения через дорогие бренды.
353,Ж,65,ru,ru,базовый,высокий,базовый,центр,город,постоянное место жительства,Темиртау,,есть,гражданин,пенсионер,Работа на вредном производстве и последующие проблемы со здоровьем сформировали ипохондрию и привычку постоянно искать у себя симптомы болезней.
354,М,29,оба,ru,высокий,высокий,средний,запад,город,постоянное место жительства,Атырау,,есть,гражданин,работающий,Работа вахтовым методом привела к трудностям в поддержании долгосрочных отношений и ощущению оторванности от семейной жизни.
355,Ж,38,kk,kk,высокий,средний,базовый,восток,райцентр,постоянное место жительства,райцентр,,есть,гражданин,безработный,"Потеря работы из-за сокращения на градообразующем предприятии вызвала апатию и страх перед будущим, что мешает активному поиску новой работы."
356,М,16,ru,ru,средний,высокий,средний,север,город,постоянное место жительства,Петропавловск,,есть,гражданин,школьник,Конфликты родителей и их последующий развод привели к уходу в мир компьютерных игр как способу избежать болезненной реальности.
357,Ж,41,kk,ru,высокий,средний,базовый,юг,город,постоянное место жительства,Тараз,,есть,гражданин,работающий,"Будучи старшей дочерью, столкнулась с давлением 'уят болады', что привело к подавлению собственных желаний в угоду мнению родственников."
358,М,33,ru,ru,базовый,высокий,средний,центр,город,номад (не резидент РК),,,нет,гражданин,работающий,Частые переезды в детстве из-за работы отца-военного сформировали неспособность заводить долгосрочные дружеские связи и 'синдром чемодана'.
359,Ж,26,оба,kk,высокий,высокий,высокий,юг,город,постоянное место жительства,Алматы,,есть,гражданин,работающий,Обучение за границей по 'Болашак' вызвало культурный шок по возвращении и трудности с адаптацией к местному менталитету и рабочим процессам.
360,М,58,kk,kk,высокий,средний,базовый,запад,райцентр,постоянное место жительства,райцентр,,есть,гражданин,работающий,"Будучи свидетелем распада СССР и нестабильности 90-х, он развил глубокое недоверие к финансовым институтам и предпочитает хранить сбережения 'под матрасом'."
361,Ж,29,kk,kk,высокий,средний,базовый,юг,город,внутренний мигрант,Шымкент,село Сарыагаш -> Шымкент,есть,гражданин,декрет,"Давление со стороны родственников ('уят болады') сформировало привычку всегда ставить интересы семьи выше собственных, что привело к отказу от карьеры."
362,М,42,ru,ru,базовый,высокий,базовый,север,город,постоянное место жительства,Костанай,,есть,гражданин,работающий,"Воспитание в строгой советской семье привело к неумению выражать эмоции и поддерживать близкие отношения, что компенсируется трудоголизмом."
363,М,38,kk,ru,высокий,средний,базовый,запад,город,постоянное место жительства,Атырау,,есть,гражданин,работающий,"Ранняя потеря отца и необходимость помогать семье сформировали гиперответственность и страх финансовой нестабильности, что заставляет его работать на износ."
364,Ж,21,оба,ru,высокий,высокий,средний,центр,город,внутренний мигрант,Астана,Караганда -> Астана,нет,гражданин,студент,Переезд в столицу и жизнь в отрыве от родительской опеки привели к поиску одобрения в социальных сетях и зависимости от чужого мнения.
365,М,55,kk,kk,высокий,базовый,базовый,восток,аул,постоянное место жительства,село Катон-Карагай,,есть,гражданин,работающий,"Привязанность к родной земле и нежелание покидать аул, несмотря на уговоры детей, сформировали упрямство и недоверие к городской жизни."
366,Ж,33,ru,ru,средний,высокий,высокий,центр,город,внешний мигрант,Астана,Россия -> Астана,нет,ПМЖ,работающий,"Опыт релокации и адаптации в новой стране развил самостоятельность, но и обострил чувство одиночества и тоску по 'своим'."
367,М,25,kk,kk,высокий,средний,базовый,юг,город,постоянное место жительства,Алматы,,есть,гражданин,работающий,"Воспитание в религиозной семье сформировало строгие моральные принципы, которые часто вступают в конфликт с соблазнами большого города."
368,Ж,48,ru,ru,базовый,высокий,базовый,север,город,постоянное место жительства,Петропавловск,,есть,гражданин,безработный,Сокращение на градообразующем предприятии в 90-е и невозможность найти работу по специальности привели к апатии и выученной беспомощности.
369,М,31,оба,ru,средний,высокий,базовый,запад,город,номад (не резидент РК),Актау,"Актау, Атырау",нет,временно,работающий,"Работа в международной компании и постоянные командировки стерли чувство 'дома', превратив его жизнь в череду отелей и аэропортов."
370,Ж,23,kk,kk,высокий,средний,базовый,восток,райцентр,внутренний мигрант,Усть-Каменогорск,райцентр -> Усть-Каменогорск,есть,гражданин,студент,"Мечта вырваться из бесперспективного райцентра стала главной движущей силой, что привело к перфекционизму в учебе и страху вернуться обратно."
371,М,36,ru,ru,средний,высокий,средний,центр,город,постоянное место жительства,Астана,,есть,гражданин,работающий,"Карьерная гонка в госаппарате и постоянный стресс привели к цинизму и эмоциональному выгоранию, которое он пытается компенсировать дорогими покупками."
372,Ж,27,kk,ru,высокий,высокий,базовый,юг,город,постоянное место жительства,Туркестан,,есть,гражданин,работающий,Конфликт между традиционными ценностями семьи и современными взглядами на карьеру и брак вызывает постоянный внутренний диссонанс.
373,М,45,ru,ru,базовый,высокий,базовый,север,райцентр,постоянное место жительства,райцентр,,есть,гражданин,работающий,"Стабильная, но скучная жизнь в маленьком городе и отсутствие перспектив привели к алкоголизму как способу бегства от реальности."
374,Ж,39,kk,kk,высокий,базовый,базовый,запад,аул,постоянное место жительства,аул,,есть,гражданин,работающий,"Жизнь в ауле, пока муж на вахте, научила ее быть сильной и независимой, но и привела к эмоциональной отстраненности в отношениях."
375,М,22,оба,ru,высокий,высокий,высокий,центр,город,постоянное место жительства,Астана,,есть,гражданин,студент,Обучение в престижном вузе и окружение 'золотой молодежи' сформировали у него завышенные ожидания от жизни и нетерпимость к любым трудностям.
376,Ж,43,kk,kk,высокий,средний,базовый,восток,аул,постоянное место жительства,село Маркаколь,,есть,гражданин,работающий,"Ранняя потеря матери и забота о младших сестрах сформировали жертвенную позицию и неумение говорить 'нет', что приводит к эксплуатации на работе и в семье."
377,М,24,kk,ru,высокий,высокий,средний,юг,город,внутренний мигрант,Алматы,Талдыкорган -> Алматы,нет,гражданин,студент,"Давление со стороны отца, который ожидал от него продолжения семейного бизнеса, привело к выбору 'престижной' специальности вопреки собственным желаниям и апатии к учебе."
378,М,51,ru,ru,базовый,высокий,базовый,север,город,постоянное место жительства,Павлодар,,есть,гражданин,работающий,Жизнь по строгому заводскому расписанию на протяжении 30 лет привела к страху перед любыми переменами и неспособности принимать самостоятельные решения вне работы.
379,Ж,35,ru,ru,средний,высокий,базовый,запад,город,постоянное место жительства,Уральск,,есть,гражданин,декрет,Одиночество и постоянная тревога за мужа-вахтовика привели к развитию компульсивного переедания как способа справиться со стрессом.
380,М,28,оба,ru,высокий,высокий,высокий,центр,город,внутренний мигрант,Астана,Кокшетау -> Астана,есть,гражданин,работающий,"Синдром 'провинциала', стремящегося доказать столице свою состоятельность, привел к трудоголизму и готовности жертвовать личной жизнью ради карьеры."
381,Ж,40,ru,ru,средний,высокий,средний,центр,город,внешний мигрант,Астана,Узбекистан -> Астана,есть,ПМЖ,работающий,Опыт врачебной ошибки в прошлом (в другой стране) и страх повторения на новом месте привели к излишней осторожности и нерешительности в сложных клинических случаях.
382,М,39,kk,kk,высокий,средний,базовый,юг,город,постоянное место жительства,Шымкент,,есть,гражданин,работающий,"Банкротство в 90-е, которое пережила его семья, сформировало у него панический страх долгов и кредитов, что тормозит развитие его собственного бизнеса."
383,Ж,45,ru,ru,базовый,высокий,базовый,север,город,постоянное место жительства,Петропавловск,,есть,гражданин,работающий,"Тяжелый развод и предательство мужа привели к тотальному недоверию к мужчинам и установке 'я все сама', что мешает ей построить новые отношения."
384,М,23,ru,ru,средний,высокий,базовый,запад,город,постоянное место жительства,Актау,,есть,гражданин,работающий,"Стремление к 'легким деньгам' и образу жизни 'успешного парня' из соцсетей привело его к работе в опасных условиях, игнорируя риски для здоровья."
385,Ж,31,оба,ru,высокий,высокий,средний,восток,город,постоянное место жительства,Усть-Каменогорск,,есть,гражданин,работающий,"Детство в промышленном городе с плохой экологией и частые болезни привели к тому, что она выбрала профессию эколога как способ 'искупить вину' перед природой."
386,М,34,ru,ru,средний,высокий,высокий,центр,город,номад (не резидент РК),Алматы,"Алматы, Астана, Караганда",нет,временно,работающий,"Страх рутины и обязательств, привитый в семье, где родители постоянно меняли работу и место жительства, сделал фриланс и 'жизнь в дороге' единственно приемлемым вариантом."
387,Ж,20,kk,kk,высокий,средний,базовый,юг,аул,постоянное место жительства,аул,,есть,гражданин,студент,"Будучи младшей дочерью в консервативной семье, она научилась скрывать свои истинные мысли и желания под маской послушания, мечтая о побеге."
388,М,63,ru,ru,базовый,высокий,базовый,север,город,постоянное место жительства,Костанай,,есть,гражданин,пенсионер,"Военное прошлое и привычка к строгой иерархии привели к нетерпимости к чужому мнению и постоянным конфликтам с повзрослевшими детьми, которые 'живут неправильно'."
389,Ж,26,оба,ru,высокий,высокий,средний,центр,город,постоянное место жительства,Астана,,есть,гражданин,работающий,"Разочарование в госслужбе, где инициатива наказуема, а карьера зависит от связей, привело к цинизму и пассивному 'отсиживанию' рабочего времени."
390,М,47,ru,ru,средний,высокий,базовый,восток,город,постоянное место жительства,Семей,,есть,гражданин,работающий,"Наследственные проблемы со здоровьем, связанные с последствиями ядерного полигона, сформировали у него фатализм и привычку жить 'одним днем'."
391,Ж,28,kk,ru,высокий,высокий,средний,юг,город,внутренний мигрант,Алматы,Кызылорда -> Алматы,нет,гражданин,работающий,"Конфликт между традиционным воспитанием и ценностями большого города привел к 'синдрому самозванца' и постоянному ощущению, что она недостаточно хороша."
392,М,49,ru,ru,базовый,высокий,базовый,запад,город,постоянное место жительства,Жанаозен,,есть,гражданин,работающий,Жизнь 'от вахты до вахты' и длительная разлука с семьей привели к эмоциональному отчуждению и неумению строить близкие отношения.
393,Ж,22,ru,ru,средний,высокий,средний,север,город,внутренний мигрант,Астана,Щучинск -> Астана,есть,гражданин,студент,"Воспитание в полной и любящей семье сформировало у нее идеалистическое представление о мире, что приводит к разочарованиям при столкновении с реальностью."
394,М,37,ru,ru,базовый,высокий,базовый,восток,город,постоянное место жительства,Риддер,,есть,гражданин,работающий,"Потеря здоровья и престижной работы в шахте из-за профзаболевания привела к кризису мужественности и депрессии, которую он скрывает за агрессией."
395,Ж,30,оба,ru,высокий,высокий,высокий,центр,город,постоянное место жительства,Астана,,есть,гражданин,декрет,"Ранний и неудачный брак, заключенный 'потому что пора', сформировал у нее циничное отношение к отношениям и стремление к полной финансовой независимости."